ISO-10303-21;
HEADER;
FILE_DESCRIPTION (( 'STEP AP214' ),
    '1' );
FILE_NAME ('M-COMA-060100-A.STEP',
    '2025-10-23T10:13:07',
    ( 'Windows User' ),
    ( 'P R C' ),
    'SwSTEP 2.0',
    'SolidWorks 2019',
    '' );
FILE_SCHEMA (( 'AUTOMOTIVE_DESIGN' ));
ENDSEC;

DATA;
#1 = ORIENTED_EDGE ( 'NONE', *, *, #2970, .F. ) ;
#2 = CARTESIAN_POINT ( 'NONE',  ( 26.94320673682893741, 150.7321826276632635, -155.8814281897626870 ) ) ;
#3 = PRODUCT_DEFINITION ( 'Î´Öª', '', #1760, #327 ) ;
#4 = EDGE_CURVE ( 'NONE', #2144, #1287, #1227, .T. ) ;
#5 = ORIENTED_EDGE ( 'NONE', *, *, #23, .F. ) ;
#6 = CARTESIAN_POINT ( 'NONE',  ( -27.95831248622817000, 150.7302653273143846, -156.0575605801030861 ) ) ;
#7 = CARTESIAN_POINT ( 'NONE',  ( 0.3755205839557647640, 132.4280750608562016, -183.7202382343005240 ) ) ;
#8 = EDGE_CURVE ( 'NONE', #2041, #976, #2573, .T. ) ;
#9 = ORIENTED_EDGE ( 'NONE', *, *, #869, .F. ) ;
#10 = CARTESIAN_POINT ( 'NONE',  ( 0.2321432216789613978, 132.7437338472308852, -154.7223106797106311 ) ) ;
#11 = CARTESIAN_POINT ( 'NONE',  ( 30.93176801011841093, 197.4444559485783941, -155.2748232743051062 ) ) ;
#12 = ORIENTED_EDGE ( 'NONE', *, *, #122, .T. ) ;
#13 = CARTESIAN_POINT ( 'NONE',  ( -19.82890332634038799, 175.2129331212190095, -142.8859894963511579 ) ) ;
#14 = VERTEX_POINT ( 'NONE', #1891 ) ;
#15 = EDGE_LOOP ( 'NONE', ( #1266, #1972, #2658, #129, #2248, #277, #12, #1980, #2830, #1866, #1815, #847, #2867, #3067 ) ) ;
#16 = CARTESIAN_POINT ( 'NONE',  ( 26.87750779469779872, 151.2995299755828285, -155.4958339191228447 ) ) ;
#17 = ORIENTED_EDGE ( 'NONE', *, *, #1138, .F. ) ;
#18 = CARTESIAN_POINT ( 'NONE',  ( 11.37938091251509931, 162.8900533537500905, -184.8054800925920915 ) ) ;
#19 = CYLINDRICAL_SURFACE ( 'NONE', #690, 3.999999999999999112 ) ;
#20 = PRESENTATION_STYLE_ASSIGNMENT (( #1215 ) ) ;
#21 = ORIENTED_EDGE ( 'NONE', *, *, #2938, .T. ) ;
#22 = CARTESIAN_POINT ( 'NONE',  ( -19.69294874922805505, 160.5857766768185684, -151.2293279163808108 ) ) ;
#23 = EDGE_CURVE ( 'NONE', #833, #1660, #3063, .T. ) ;
#24 = EDGE_CURVE ( 'NONE', #2651, #587, #743, .T. ) ;
#25 = VECTOR ( 'NONE', #2348, 999.9999999999998863 ) ;
#26 = CARTESIAN_POINT ( 'NONE',  ( -12.49699531731168989, 164.7085767660711610, -151.8045389655742383 ) ) ;
#27 = CARTESIAN_POINT ( 'NONE',  ( 0.1678706110031576715, 132.8852360618128898, -141.7232397069533079 ) ) ;
#28 = VERTEX_POINT ( 'NONE', #2944 ) ;
#29 = DIRECTION ( 'NONE',  ( 0.004944046975061859930, -0.01088478573707842186, -0.9999285363659576875 ) ) ;
#30 = VERTEX_POINT ( 'NONE', #2206 ) ;
#31 = DIRECTION ( 'NONE',  ( 0.004944046975061859930, -0.01088478573707842186, -0.9999285363659576875 ) ) ;
#32 = VECTOR ( 'NONE', #804, 1000.000000000000227 ) ;
#33 = VERTEX_POINT ( 'NONE', #1470 ) ;
#34 = DIRECTION ( 'NONE',  ( 0.000000000000000000, 0.9999407575168364204, -0.01088491877119371690 ) ) ;
#35 = CARTESIAN_POINT ( 'NONE',  ( 6.235108023675643985, 164.7354722441712909, -155.6554249543282253 ) ) ;
#36 = AXIS2_PLACEMENT_3D ( 'NONE', #2584, #1852, #1403 ) ;
#37 = VERTEX_POINT ( 'NONE', #966 ) ;
#38 = AXIS2_PLACEMENT_3D ( 'NONE', #933, #1360, #1386 ) ;
#39 = FACE_OUTER_BOUND ( 'NONE', #291, .T. ) ;
#40 = AXIS2_PLACEMENT_3D ( 'NONE', #177, #193, #2387 ) ;
#41 = DIRECTION ( 'NONE',  ( 0.9999877781250671172, 5.381554972451470757E-05, 0.004943754077442193140 ) ) ;
#42 = CARTESIAN_POINT ( 'NONE',  ( 0.1678706110031576715, 132.8852360618128898, -141.7232397069533079 ) ) ;
#43 = EDGE_CURVE ( 'NONE', #1131, #2645, #1946, .T. ) ;
#44 = VERTEX_POINT ( 'NONE', #1710 ) ;
#45 = CARTESIAN_POINT ( 'NONE',  ( -31.84170037643215778, 148.2438229362232391, -190.0521252146836559 ) ) ;
#46 = CIRCLE ( 'NONE', #2222, 33.00000000000001421 ) ;
#47 = AXIS2_PLACEMENT_3D ( 'NONE', #414, #2280, #2586 ) ;
#48 = ORIENTED_EDGE ( 'NONE', *, *, #2844, .F. ) ;
#49 = CARTESIAN_POINT ( 'NONE',  ( -19.79315643524943269, 194.9981133396102564, -150.3319918601669372 ) ) ;
#50 = DIRECTION ( 'NONE',  ( 0.000000000000000000, 0.9359127059959969630, -0.3522320353903808932 ) ) ;
#51 = ORIENTED_EDGE ( 'NONE', *, *, #2916, .F. ) ;
#52 = DIRECTION ( 'NONE',  ( 0.004944046975061758449, -0.01088478573708196763, -0.9999285363659575765 ) ) ;
#53 = CARTESIAN_POINT ( 'NONE',  ( 22.62454096844818707, 198.8467773014092757, -133.6212289795554682 ) ) ;
#54 = VERTEX_POINT ( 'NONE', #1695 ) ;
#55 = CARTESIAN_POINT ( 'NONE',  ( -22.24896412356173769, 240.0306964012442563, -167.2922572897310260 ) ) ;
#56 = DIRECTION ( 'NONE',  ( -0.004944046975061859930, 0.01088478573707842012, 0.9999285363659576875 ) ) ;
#57 = DIRECTION ( 'NONE',  ( 0.000000000000000000, -0.9999407575168363094, 0.01088491877119054929 ) ) ;
#58 = ORIENTED_EDGE ( 'NONE', *, *, #1005, .T. ) ;
#59 = CARTESIAN_POINT ( 'NONE',  ( -26.29643544943802524, 193.1389259551785926, -149.6645668496830979 ) ) ;
#60 = EDGE_CURVE ( 'NONE', #2813, #1221, #2827, .T. ) ;
#61 = CARTESIAN_POINT ( 'NONE',  ( 26.41837148152482939, 151.1536116946297170, -156.5224502899749552 ) ) ;
#62 = ORIENTED_EDGE ( 'NONE', *, *, #1312, .F. ) ;
#63 = CARTESIAN_POINT ( 'NONE',  ( 19.92831463725195107, 160.9553846933493446, -151.4631419551751605 ) ) ;
#64 = FACE_OUTER_BOUND ( 'NONE', #1035, .T. ) ;
#65 = EDGE_CURVE ( 'NONE', #1932, #1637, #2647, .T. ) ;
#66 = EDGE_CURVE ( 'NONE', #1238, #1109, #1028, .T. ) ;
#67 = ORIENTED_EDGE ( 'NONE', *, *, #2746, .T. ) ;
#68 = PLANE ( 'NONE',  #944 ) ;
#69 = DIRECTION ( 'NONE',  ( -3.185337984228734119E-16, 0.9999407575168364204, -0.01088491877119429803 ) ) ;
#70 = EDGE_LOOP ( 'NONE', ( #1194, #669, #2909, #2963 ) ) ;
#71 = CARTESIAN_POINT ( 'NONE',  ( -26.27785191160088729, 191.7300130190223513, -153.4081772715157115 ) ) ;
#72 = CARTESIAN_POINT ( 'NONE',  ( 31.49073124039941618, 150.4286831987908784, -183.7623389425642983 ) ) ;
#73 = CARTESIAN_POINT ( 'NONE',  ( 22.72116694178845009, 191.5210686553560038, -153.0863062961803109 ) ) ;
#74 = VERTEX_POINT ( 'NONE', #249 ) ;
#75 = DIRECTION ( 'NONE',  ( 8.531762347620430453E-16, -0.9999407575168364204, 0.01088491877119481671 ) ) ;
#76 = CIRCLE ( 'NONE', #484, 35.94690529099798226 ) ;
#77 = VERTEX_POINT ( 'NONE', #2439 ) ;
#78 = CARTESIAN_POINT ( 'NONE',  ( 18.83196912660130096, 162.9853636040816696, -152.3631345651771483 ) ) ;
#79 = CARTESIAN_POINT ( 'NONE',  ( 25.92999655950131910, 145.5332730965446331, -188.8587336281968589 ) ) ;
#80 = EDGE_LOOP ( 'NONE', ( #2447, #1898, #1223, #2528, #507, #997, #2703 ) ) ;
#81 = DIRECTION ( 'NONE',  ( -5.204170427930444949E-15, 0.9999407575168363094, -0.01088491877120073038 ) ) ;
#82 = ADVANCED_FACE ( 'NONE', ( #2391 ), #1201, .T. ) ;
#83 = DIRECTION ( 'NONE',  ( -0.004943754084600615432, 0.000000000000000000, 0.9999877795731060282 ) ) ;
#84 = ORIENTED_EDGE ( 'NONE', *, *, #24, .F. ) ;
#85 = CARTESIAN_POINT ( 'NONE',  ( 20.20635468975326532, 195.0002659615992116, -150.1342416970692568 ) ) ;
#86 = VECTOR ( 'NONE', #1696, 1000.000000000000114 ) ;
#87 = DIRECTION ( 'NONE',  ( 0.000000000000000000, 0.01088491877119481151, 0.9999407575168361983 ) ) ;
#88 = AXIS2_PLACEMENT_3D ( 'NONE', #2456, #283, #1540 ) ;
#89 = CARTESIAN_POINT ( 'NONE',  ( -25.67664622055297130, 145.3655958826320784, -189.5306287767359379 ) ) ;
#90 = ORIENTED_EDGE ( 'NONE', *, *, #2901, .F. ) ;
#91 = DIRECTION ( 'NONE',  ( 0.000000000000000000, 0.9359127059959955197, -0.3522320353903848900 ) ) ;
#92 = AXIS2_PLACEMENT_3D ( 'NONE', #2834, #915, #1400 ) ;
#93 = DIRECTION ( 'NONE',  ( 0.004944046975061858196, -0.01088478573707894054, -0.9999285363659575765 ) ) ;
#94 = AXIS2_PLACEMENT_3D ( 'NONE', #2745, #2713, #1716 ) ;
#95 = EDGE_LOOP ( 'NONE', ( #2863 ) ) ;
#96 = CARTESIAN_POINT ( 'NONE',  ( 20.13107142432971841, 160.5639420019383294, -150.9911915591555385 ) ) ;
#97 = PLANE ( 'NONE',  #1962 ) ;
#98 = CYLINDRICAL_SURFACE ( 'NONE', #2778, 0.9999999999999953371 ) ;
#99 = B_SPLINE_CURVE_WITH_KNOTS ( 'NONE', 3,
 ( #1844, #171, #1126, #2104, #891, #2362 ),
 .UNSPECIFIED., .F., .F.,
 ( 4, 2, 4 ),
 ( 0.004482329000715031507, 0.007555987831350410508, 0.01062964666198578864 ),
 .UNSPECIFIED. ) ;
#100 = ORIENTED_EDGE ( 'NONE', *, *, #1043, .F. ) ;
#101 = CARTESIAN_POINT ( 'NONE',  ( -10.66938316421589583, 230.6721791295501873, -163.7126845996679094 ) ) ;
#102 = CARTESIAN_POINT ( 'NONE',  ( -10.62378804124384857, 167.9154794018011216, -184.2735790972996313 ) ) ;
#103 = ADVANCED_FACE ( 'NONE', ( #265 ), #19, .F. ) ;
#104 = CARTESIAN_POINT ( 'NONE',  ( -17.78988499595998007, 160.4091256729255690, -150.6122505763284209 ) ) ;
#105 = ADVANCED_FACE ( 'NONE', ( #2424 ), #214, .F. ) ;
#106 = LINE ( 'NONE', #2262, #538 ) ;
#107 = VERTEX_POINT ( 'NONE', #707 ) ;
#108 = CYLINDRICAL_SURFACE ( 'NONE', #145, 9.999999999999992895 ) ;
#109 = CARTESIAN_POINT ( 'NONE',  ( 31.35229792509779045, 150.7334571994288410, -155.7643399243403337 ) ) ;
#110 = VERTEX_POINT ( 'NONE', #1214 ) ;
#111 = CARTESIAN_POINT ( 'NONE',  ( 18.85774569093475250, 162.9391880569325224, -152.3540238128596229 ) ) ;
#112 = CARTESIAN_POINT ( 'NONE',  ( -26.96083583269206230, 151.4596250989113742, -155.3006564932735785 ) ) ;
#113 = FACE_BOUND ( 'NONE', #1693, .T. ) ;
#114 = VERTEX_POINT ( 'NONE', #469 ) ;
#115 = CARTESIAN_POINT ( 'NONE',  ( 13.40502598143225299, 168.0119867463475032, -190.0435948919834459 ) ) ;
#116 = LINE ( 'NONE', #1483, #2467 ) ;
#117 = EDGE_LOOP ( 'NONE', ( #2142, #1416, #2640, #2243 ) ) ;
#118 = FACE_OUTER_BOUND ( 'NONE', #2364, .T. ) ;
#119 = CARTESIAN_POINT ( 'NONE',  ( 31.40853614307696162, 150.5688285596842775, -184.3030145433049256 ) ) ;
#120 = ORIENTED_EDGE ( 'NONE', *, *, #2357, .T. ) ;
#121 = FACE_OUTER_BOUND ( 'NONE', #2744, .T. ) ;
#122 = EDGE_CURVE ( 'NONE', #2251, #1076, #1487, .T. ) ;
#123 = CARTESIAN_POINT ( 'NONE',  ( 22.72211043469284064, 196.8502789055654034, -155.3089471558207038 ) ) ;
#124 = EDGE_LOOP ( 'NONE', ( #2729, #1481, #140, #2779, #5, #2418 ) ) ;
#125 = LINE ( 'NONE', #419, #1906 ) ;
#126 = DIRECTION ( 'NONE',  ( 0.004944046975061859063, -0.01088478573707893880, -0.9999285363659575765 ) ) ;
#127 = FACE_BOUND ( 'NONE', #2819, .T. ) ;
#128 = CIRCLE ( 'NONE', #1639, 35.94690529099798226 ) ;
#129 = ORIENTED_EDGE ( 'NONE', *, *, #367, .T. ) ;
#130 = CARTESIAN_POINT ( 'NONE',  ( 11.38033019030562265, -1.994263941334566637, -183.2026345905019014 ) ) ;
#131 = DIRECTION ( 'NONE',  ( -0.9999892078205599999, -0.001636429339282342681, -0.004348142296033723729 ) ) ;
#132 = AXIS2_PLACEMENT_3D ( 'NONE', #824, #56, #2981 ) ;
#133 = DIRECTION ( 'NONE',  ( 0.004943754084601030031, 0.000000000000000000, -0.9999877795731060282 ) ) ;
#134 = VECTOR ( 'NONE', #3078, 1000.000000000000114 ) ;
#135 = FACE_BOUND ( 'NONE', #2482, .T. ) ;
#136 = B_SPLINE_CURVE_WITH_KNOTS ( 'NONE', 3,
 ( #300, #317, #2774, #1249, #1982, #2999, #119, #2245, #1264, #72 ),
 .UNSPECIFIED., .F., .F.,
 ( 4, 2, 2, 2, 4 ),
 ( 0.000000000000000000, 0.0004222752877453423152, 0.0008445505754906846305, 0.001266825863236027000, 0.001689101150981369261 ),
 .UNSPECIFIED. ) ;
#137 = DIRECTION ( 'NONE',  ( 0.5757505389204859991, -0.8175410358010174461, 0.01174613613787828421 ) ) ;
#138 = CARTESIAN_POINT ( 'NONE',  ( -27.95831248622817000, 151.7302060848311953, -156.0684454988742687 ) ) ;
#139 = EDGE_CURVE ( 'NONE', #1774, #758, #1991, .T. ) ;
#140 = ORIENTED_EDGE ( 'NONE', *, *, #3097, .F. ) ;
#141 = CARTESIAN_POINT ( 'NONE',  ( 23.44058167220916999, 160.1939525506354300, -154.9063699723618015 ) ) ;
#142 = AXIS2_PLACEMENT_3D ( 'NONE', #2056, #2801, #1101 ) ;
#143 = CARTESIAN_POINT ( 'NONE',  ( -7.316773721242133099, 165.0450851903092655, -155.2839770327783242 ) ) ;
#144 = CARTESIAN_POINT ( 'NONE',  ( 31.29199810154451811, 150.8662129484481795, -143.5687611580201803 ) ) ;
#145 = AXIS2_PLACEMENT_3D ( 'NONE', #570, #2508, #91 ) ;
#146 = ADVANCED_FACE ( 'NONE', ( #1679 ), #2306, .F. ) ;
#147 = EDGE_LOOP ( 'NONE', ( #2559, #418, #2051, #686, #1783 ) ) ;
#148 = CARTESIAN_POINT ( 'NONE',  ( -10.61940092844491090, 168.0651191018396275, -185.1626023080122252 ) ) ;
#149 = CARTESIAN_POINT ( 'NONE',  ( 30.98120847986902504, 195.5724427446048139, -165.2549155893428861 ) ) ;
#150 = CIRCLE ( 'NONE', #900, 9.999999999999992895 ) ;
#151 = ORIENTED_EDGE ( 'NONE', *, *, #2572, .F. ) ;
#152 = FACE_OUTER_BOUND ( 'NONE', #2613, .T. ) ;
#153 = DIRECTION ( 'NONE',  ( 0.9999877781250671172, 5.381554972451470757E-05, 0.004943754077442194007 ) ) ;
#154 = CARTESIAN_POINT ( 'NONE',  ( -30.86155739595297476, 150.7643551762100174, -155.7879817571979686 ) ) ;
#155 = DIRECTION ( 'NONE',  ( 5.825786303515002248E-18, 0.9999407575168364204, -0.01088491877119495722 ) ) ;
#156 = CARTESIAN_POINT ( 'NONE',  ( -26.42428451910001286, 145.8830348205945882, -141.9962103331005778 ) ) ;
#157 = EDGE_LOOP ( 'NONE', ( #1536, #2091, #272, #2241, #539, #1880, #2914, #1162, #1753, #1399, #315, #2201, #3001, #623 ) ) ;
#158 = CARTESIAN_POINT ( 'NONE',  ( 22.79428546061295435, 151.4309103252910802, -154.8141748655665424 ) ) ;
#159 = VERTEX_POINT ( 'NONE', #1415 ) ;
#160 =( BOUNDED_CURVE ( )  B_SPLINE_CURVE ( 3, ( #1474, #2890, #236, #1000 ),
 .UNSPECIFIED., .F., .T. ) 
 B_SPLINE_CURVE_WITH_KNOTS ( ( 4, 4 ),
 ( 1.570796326794901443, 3.141592653589778017 ),
 .UNSPECIFIED. ) 
 CURVE ( )  GEOMETRIC_REPRESENTATION_ITEM ( )  RATIONAL_B_SPLINE_CURVE ( ( 1.000000000000000000, 0.8047378541243697114, 0.8047378541243697114, 1.000000000000000000 ) ) 
 REPRESENTATION_ITEM ( '' )  );
#161 = EDGE_LOOP ( 'NONE', ( #1408, #971, #2542, #2335, #1153 ) ) ;
#162 = CARTESIAN_POINT ( 'NONE',  ( 22.73186822949302410, 197.4440146610710372, -155.3153620577402023 ) ) ;
#163 = DIRECTION ( 'NONE',  ( -0.004348148117992680327, 0.000000000000000000, 0.9999905467592902220 ) ) ;
#164 = ADVANCED_FACE ( 'NONE', ( #2179 ), #545, .T. ) ;
#165 = EDGE_CURVE ( 'NONE', #1529, #1810, #116, .T. ) ;
#166 = ORIENTED_EDGE ( 'NONE', *, *, #2882, .F. ) ;
#167 = CARTESIAN_POINT ( 'NONE',  ( 18.21956311049257593, 164.0623919849941785, -152.4741162500785947 ) ) ;
#168 = CARTESIAN_POINT ( 'NONE',  ( 0.1621951361393628999, 132.8977311550352169, -140.5753806145212366 ) ) ;
#169 = DIRECTION ( 'NONE',  ( 0.004645884459284524773, -0.3522282340390543998, -0.9359026054581320864 ) ) ;
#170 = CARTESIAN_POINT ( 'NONE',  ( -10.64906521029528186, 162.5300851869733378, -179.1020682036130722 ) ) ;
#171 = CARTESIAN_POINT ( 'NONE',  ( -4.757014347414414424, 164.7327781956615809, -155.9029131500837480 ) ) ;
#172 = ORIENTED_EDGE ( 'NONE', *, *, #1894, .F. ) ;
#173 = DIRECTION ( 'NONE',  ( 0.004944046975061859063, -0.01088478573707842359, -0.9999285363659575765 ) ) ;
#174 = CARTESIAN_POINT ( 'NONE',  ( -6.890342289790818420, 164.8927025434865072, -155.4098942787640567 ) ) ;
#175 = B_SPLINE_CURVE_WITH_KNOTS ( 'NONE', 3,
 ( #2137, #384, #1887, #1636 ),
 .UNSPECIFIED., .F., .F.,
 ( 4, 4 ),
 ( 0.000000000000000000, 1.000000000000000000 ),
 .UNSPECIFIED. ) ;
#176 = ORIENTED_EDGE ( 'NONE', *, *, #1355, .F. ) ;
#177 = CARTESIAN_POINT ( 'NONE',  ( -26.73911404662054281, 151.7193866456604212, -157.0623709867671209 ) ) ;
#178 = VECTOR ( 'NONE', #1377, 1000.000000000000227 ) ;
#179 = EDGE_CURVE ( 'NONE', #974, #1262, #3024, .T. ) ;
#180 = EDGE_LOOP ( 'NONE', ( #916 ) ) ;
#181 = CARTESIAN_POINT ( 'NONE',  ( -22.30135320517845443, 190.4443212578843543, -148.6306168010029012 ) ) ;
#182 = VERTEX_POINT ( 'NONE', #1276 ) ;
#183 = CARTESIAN_POINT ( 'NONE',  ( -8.423269307339920076, 165.7793347876070129, -150.6243960319015969 ) ) ;
#184 = DIRECTION ( 'NONE',  ( 0.000000000000000000, -0.9999407575168363094, 0.01088491877120073038 ) ) ;
#185 = CARTESIAN_POINT ( 'NONE',  ( -10.62434497541998724, 162.4756612582879711, -184.1017108854428272 ) ) ;
#186 = VECTOR ( 'NONE', #2905, 1000.000000000000227 ) ;
#187 = CARTESIAN_POINT ( 'NONE',  ( 0.1678706110031582543, 132.8852360618129183, -141.7232397069533931 ) ) ;
#188 = ORIENTED_EDGE ( 'NONE', *, *, #2882, .T. ) ;
#189 = DIRECTION ( 'NONE',  ( -0.9999877781250670061, -5.381554972533476422E-05, -0.004943754077442311101 ) ) ;
#190 = DIRECTION ( 'NONE',  ( 0.004944046975062000443, -0.01088478573707908105, -0.9999285363659576875 ) ) ;
#191 = AXIS2_PLACEMENT_3D ( 'NONE', #2612, #659, #1163 ) ;
#192 = ORIENTED_EDGE ( 'NONE', *, *, #2259, .F. ) ;
#193 = DIRECTION ( 'NONE',  ( -0.004944046975062572034, 0.01088478573707097642, 0.9999285363659576875 ) ) ;
#194 = AXIS2_PLACEMENT_3D ( 'NONE', #2186, #1222, #1172 ) ;
#195 = FACE_OUTER_BOUND ( 'NONE', #2080, .T. ) ;
#196 = CIRCLE ( 'NONE', #94, 1.999999999999990896 ) ;
#197 = ORIENTED_EDGE ( 'NONE', *, *, #1782, .T. ) ;
#198 = PLANE ( 'NONE',  #2485 ) ;
#199 = ADVANCED_FACE ( 'NONE', ( #1013 ), #2771, .T. ) ;
#200 = CIRCLE ( 'NONE', #1659, 0.9999999999999953371 ) ;
#201 = DIRECTION ( 'NONE',  ( 0.000000000000000000, 0.9359127059959955197, -0.3522320353903848900 ) ) ;
#202 = CARTESIAN_POINT ( 'NONE',  ( -10.65595808587459992, 162.4956110739533415, -184.3925675647582239 ) ) ;
#203 = AXIS2_PLACEMENT_3D ( 'NONE', #1797, #2751, #589 ) ;
#204 = EDGE_CURVE ( 'NONE', #2851, #2159, #1685, .T. ) ;
#205 = EDGE_CURVE ( 'NONE', #1563, #903, #2001, .T. ) ;
#206 = DIRECTION ( 'NONE',  ( -0.004645884459284525640, 0.3522282340390544553, 0.9359026054581321974 ) ) ;
#207 = ORIENTED_EDGE ( 'NONE', *, *, #440, .F. ) ;
#208 = CARTESIAN_POINT ( 'NONE',  ( -25.52341639551477925, 145.3671035231481881, -189.3921297000327399 ) ) ;
#209 = CARTESIAN_POINT ( 'NONE',  ( -30.66916732062709627, 210.4668085271142388, -156.2076458509393149 ) ) ;
#210 = VERTEX_POINT ( 'NONE', #1805 ) ;
#211 = CARTESIAN_POINT ( 'NONE',  ( 27.16118901173942390, 151.3842507205561958, -155.2238283597181976 ) ) ;
#212 = ORIENTED_EDGE ( 'NONE', *, *, #2791, .T. ) ;
#213 = DIRECTION ( 'NONE',  ( 1.800672583906227835E-17, 0.9999407575168364204, -0.01088491877119480977 ) ) ;
#214 = CYLINDRICAL_SURFACE ( 'NONE', #2565, 28.59999999999998721 ) ;
#215 = CARTESIAN_POINT ( 'NONE',  ( -30.28487491427255307, 145.8828270582609719, -142.0152963758753231 ) ) ;
#216 = CARTESIAN_POINT ( 'NONE',  ( 21.01876208290994086, 239.1394469246982339, -141.1097238471362232 ) ) ;
#217 = ORIENTED_EDGE ( 'NONE', *, *, #629, .F. ) ;
#218 = LINE ( 'NONE', #1871, #846 ) ;
#219 = CARTESIAN_POINT ( 'NONE',  ( -16.37617598836788346, 162.8757995975348649, -151.8037683751842053 ) ) ;
#220 = EDGE_CURVE ( 'NONE', #159, #159, #1086, .T. ) ;
#221 = EDGE_CURVE ( 'NONE', #587, #284, #1430, .T. ) ;
#222 = ORIENTED_EDGE ( 'NONE', *, *, #2634, .F. ) ;
#223 = DIRECTION ( 'NONE',  ( -0.004944046975061859930, 0.01088478573707840798, 0.9999285363659576875 ) ) ;
#224 = VERTEX_POINT ( 'NONE', #2671 ) ;
#225 = ORIENTED_EDGE ( 'NONE', *, *, #2976, .F. ) ;
#226 = CARTESIAN_POINT ( 'NONE',  ( 20.18186087193322464, 160.4650001947542250, -150.7703666832237275 ) ) ;
#227 = VERTEX_POINT ( 'NONE', #3010 ) ;
#228 = CARTESIAN_POINT ( 'NONE',  ( 11.38020758897445539, 163.2577885933889377, -184.9766973935800536 ) ) ;
#229 = DIRECTION ( 'NONE',  ( 0.000000000000000000, -0.9359127059959950756, 0.3522320353903860557 ) ) ;
#230 = CARTESIAN_POINT ( 'NONE',  ( -12.30146112697285155, 203.0907218775656133, -153.3404669374520495 ) ) ;
#231 = AXIS2_PLACEMENT_3D ( 'NONE', #2929, #978, #1963 ) ;
#232 = DIRECTION ( 'NONE',  ( -0.9999877781250670061, -5.381554972450175136E-05, -0.004943754077442179262 ) ) ;
#233 = VECTOR ( 'NONE', #845, 1000.000000000000227 ) ;
#234 = ORIENTED_EDGE ( 'NONE', *, *, #1951, .T. ) ;
#235 = CARTESIAN_POINT ( 'NONE',  ( -17.82576032424577051, 163.9813027610259724, -152.6512542294084369 ) ) ;
#236 = CARTESIAN_POINT ( 'NONE',  ( 20.21544288412250978, 194.9802574444986760, -151.9723198827575743 ) ) ;
#237 = ORIENTED_EDGE ( 'NONE', *, *, #1761, .F. ) ;
#238 = CARTESIAN_POINT ( 'NONE',  ( -10.62434497541997303, 168.0760038875767179, -184.1626737716462401 ) ) ;
#239 = VERTEX_POINT ( 'NONE', #2401 ) ;
#240 = B_SPLINE_CURVE_WITH_KNOTS ( 'NONE', 3,
 ( #2147, #1665, #3121, #2425, #1974, #1421 ),
 .UNSPECIFIED., .F., .F.,
 ( 4, 2, 4 ),
 ( 3.469446951953614189E-18, 0.0006130397995681490051, 0.001226079599136294541 ),
 .UNSPECIFIED. ) ;
#241 = EDGE_CURVE ( 'NONE', #14, #14, #336, .T. ) ;
#242 = ORIENTED_EDGE ( 'NONE', *, *, #1761, .T. ) ;
#243 = CARTESIAN_POINT ( 'NONE',  ( 28.28618605228480476, 150.7332921927698806, -155.7794982261164591 ) ) ;
#244 = CIRCLE ( 'NONE', #1601, 9.999999999999992895 ) ;
#245 = ADVANCED_FACE ( 'NONE', ( #293 ), #2974, .F. ) ;
#246 = AXIS2_PLACEMENT_3D ( 'NONE', #3105, #425, #2356 ) ;
#247 = ORIENTED_EDGE ( 'NONE', *, *, #2138, .T. ) ;
#248 = DIRECTION ( 'NONE',  ( 0.000000000000000000, 0.9359127059959969630, -0.3522320353903808932 ) ) ;
#249 = CARTESIAN_POINT ( 'NONE',  ( -10.65247352766569833, 240.0313204803879614, -167.2349263913724542 ) ) ;
#250 = CARTESIAN_POINT ( 'NONE',  ( 9.441362473442328707, 166.3975788873092938, -152.1372177689534055 ) ) ;
#251 = CIRCLE ( 'NONE', #1346, 1.999999999999990896 ) ;
#252 = AXIS2_PLACEMENT_3D ( 'NONE', #1510, #2699, #429 ) ;
#253 = EDGE_LOOP ( 'NONE', ( #1209, #642, #1189, #58, #1256 ) ) ;
#254 = CARTESIAN_POINT ( 'NONE',  ( -18.39760819500319755, 162.9757699974695413, -152.5457362690008267 ) ) ;
#255 = LINE ( 'NONE', #11, #2619 ) ;
#256 = ORIENTED_EDGE ( 'NONE', *, *, #2807, .T. ) ;
#257 = CYLINDRICAL_SURFACE ( 'NONE', #1555, 1.999999999999990896 ) ;
#258 = FILL_AREA_STYLE ('',( #2937 ) ) ;
#259 = ORIENTED_EDGE ( 'NONE', *, *, #736, .T. ) ;
#260 = CARTESIAN_POINT ( 'NONE',  ( 27.59276600646091993, 151.5098666172790445, -154.9638258634605279 ) ) ;
#261 = VERTEX_POINT ( 'NONE', #2226 ) ;
#262 = CARTESIAN_POINT ( 'NONE',  ( 11.38033019030677906, 163.5286374248647121, -185.0044446703487893 ) ) ;
#263 = EDGE_CURVE ( 'NONE', #1888, #2358, #76, .T. ) ;
#264 = EDGE_CURVE ( 'NONE', #2140, #1720, #1997, .T. ) ;
#265 = FACE_OUTER_BOUND ( 'NONE', #2075, .T. ) ;
#266 =( BOUNDED_CURVE ( )  B_SPLINE_CURVE ( 3, ( #2969, #326, #541, #2484 ),
 .UNSPECIFIED., .F., .T. ) 
 B_SPLINE_CURVE_WITH_KNOTS ( ( 4, 4 ),
 ( 0.5265523453134931531, 1.000000000000000000 ),
 .UNSPECIFIED. ) 
 CURVE ( )  GEOMETRIC_REPRESENTATION_ITEM ( )  RATIONAL_B_SPLINE_CURVE ( ( 1.000000000000000000, 0.9949166343897852816, 0.9949166343897852816, 1.000000000000000000 ) ) 
 REPRESENTATION_ITEM ( '' )  );
#267 = LINE ( 'NONE', #957, #1493 ) ;
#268 = ORIENTED_EDGE ( 'NONE', *, *, #1445, .T. ) ;
#269 = CARTESIAN_POINT ( 'NONE',  ( -19.65328635139156077, 160.6605009443828749, -151.3433283141924335 ) ) ;
#270 = DIRECTION ( 'NONE',  ( 0.004944046975061859063, -0.01088478573707840624, -0.9999285363659575765 ) ) ;
#271 = CARTESIAN_POINT ( 'NONE',  ( 31.31600236312234742, 150.7969039930885629, -155.4180073979054839 ) ) ;
#272 = ORIENTED_EDGE ( 'NONE', *, *, #342, .T. ) ;
#273 = CARTESIAN_POINT ( 'NONE',  ( 30.74638141706809691, 147.6091021480238226, -167.1718625217506542 ) ) ;
#274 =( LENGTH_UNIT ( ) NAMED_UNIT ( * ) SI_UNIT ( .MILLI., .METRE. ) );
#275 = ORIENTED_EDGE ( 'NONE', *, *, #2054, .T. ) ;
#276 = CARTESIAN_POINT ( 'NONE',  ( 27.22244270015482215, 150.7239658774656448, -156.6362582062514832 ) ) ;
#277 = ORIENTED_EDGE ( 'NONE', *, *, #611, .T. ) ;
#278 = DIRECTION ( 'NONE',  ( 0.9999877781250670061, 5.381554972483313775E-05, 0.004943754077441517465 ) ) ;
#279 = CARTESIAN_POINT ( 'NONE',  ( 6.316118689005673303, 172.5566456836729117, -172.1268300243152112 ) ) ;
#280 = ADVANCED_FACE ( 'NONE', ( #1519 ), #1979, .F. ) ;
#281 = CARTESIAN_POINT ( 'NONE',  ( -19.54115597837472151, 160.8724624011324238, -151.5869394039245037 ) ) ;
#282 = VECTOR ( 'NONE', #93, 1000.000000000000114 ) ;
#283 = DIRECTION ( 'NONE',  ( 0.004944046975062000443, -0.01088478573707908105, -0.9999285363659576875 ) ) ;
#284 = VERTEX_POINT ( 'NONE', #1294 ) ;
#285 = FACE_OUTER_BOUND ( 'NONE', #1829, .T. ) ;
#286 = B_SPLINE_CURVE_WITH_KNOTS ( 'NONE', 3,
 ( #2213, #2728, #1950, #520, #1250, #1234, #1031, #1742, #983, #764, #1777, #1726 ),
 .UNSPECIFIED., .F., .F.,
 ( 4, 2, 2, 2, 2, 4 ),
 ( 0.000000000000000000, 0.0002120866455268446266, 0.0004241732910536892532, 0.0008483465821074824813, 0.001272519873161275872, 0.001696693164215069046 ),
 .UNSPECIFIED. ) ;
#287 = VECTOR ( 'NONE', #2726, 1000.000000000000227 ) ;
#288 = ORIENTED_EDGE ( 'NONE', *, *, #205, .F. ) ;
#289 = CARTESIAN_POINT ( 'NONE',  ( 18.68590552694742968, 163.2455596375156688, -152.4078631307207843 ) ) ;
#290 = VECTOR ( 'NONE', #318, 1000.000000000000114 ) ;
#291 = EDGE_LOOP ( 'NONE', ( #441, #478, #1476, #1385 ) ) ;
#292 = CARTESIAN_POINT ( 'NONE',  ( 12.69514625774297301, 166.1875106632119241, -185.0268870272616653 ) ) ;
#293 = FACE_OUTER_BOUND ( 'NONE', #1723, .T. ) ;
#294 = AXIS2_PLACEMENT_3D ( 'NONE', #2390, #213, #2524 ) ;
#295 = VERTEX_POINT ( 'NONE', #1311 ) ;
#296 = VECTOR ( 'NONE', #2623, 1000.000000000000227 ) ;
#297 = FACE_OUTER_BOUND ( 'NONE', #2978, .T. ) ;
#298 = EDGE_CURVE ( 'NONE', #2533, #1793, #2033, .T. ) ;
#299 = AXIS2_PLACEMENT_3D ( 'NONE', #557, #75, #752 ) ;
#300 = CARTESIAN_POINT ( 'NONE',  ( 30.89533377055002461, 151.4177068624670142, -184.7761203747973298 ) ) ;
#301 = CARTESIAN_POINT ( 'NONE',  ( 31.03736482575449429, 151.2700257186931481, -154.8819030320529748 ) ) ;
#302 = ORIENTED_EDGE ( 'NONE', *, *, #1703, .F. ) ;
#303 = CARTESIAN_POINT ( 'NONE',  ( 10.01765859121525182, 167.5143321814114188, -152.5522460641625457 ) ) ;
#304 = EDGE_CURVE ( 'NONE', #1212, #1924, #2721, .T. ) ;
#305 = CIRCLE ( 'NONE', #1401, 9.999999999999992895 ) ;
#306 = EDGE_CURVE ( 'NONE', #328, #1875, #3127, .T. ) ;
#307 = CARTESIAN_POINT ( 'NONE',  ( -10.64412116332021974, 172.4686525334310261, -180.2103021345363629 ) ) ;
#308 = VECTOR ( 'NONE', #1022, 1000.000000000000227 ) ;
#309 = ORIENTED_EDGE ( 'NONE', *, *, #23, .T. ) ;
#310 = CARTESIAN_POINT ( 'NONE',  ( 19.96233127065205792, 160.8900729894555468, -151.4033504760396340 ) ) ;
#311 = CARTESIAN_POINT ( 'NONE',  ( 26.08782170100203501, 145.4480075048429910, -188.9586770829289719 ) ) ;
#312 = ORIENTED_EDGE ( 'NONE', *, *, #1315, .T. ) ;
#313 = CARTESIAN_POINT ( 'NONE',  ( -27.96325653320324989, 150.7411501130514466, -155.0576320437371294 ) ) ;
#314 = CARTESIAN_POINT ( 'NONE',  ( 6.219709772991969032, 168.7691359754785481, -152.5846838900941123 ) ) ;
#315 = ORIENTED_EDGE ( 'NONE', *, *, #952, .T. ) ;
#316 = CARTESIAN_POINT ( 'NONE',  ( 11.40505042518215006, 172.3609886181541810, -190.1008249084922284 ) ) ;
#317 = CARTESIAN_POINT ( 'NONE',  ( 30.97107597150256098, 151.2960697323584611, -184.7744217863116774 ) ) ;
#318 = DIRECTION ( 'NONE',  ( -0.004944046975055641814, 0.01088478573711006842, 0.9999285363659573544 ) ) ;
#319 = ORIENTED_EDGE ( 'NONE', *, *, #1587, .T. ) ;
#320 = CARTESIAN_POINT ( 'NONE',  ( 27.38633022805588269, 151.3630927621696856, -189.7932331314771375 ) ) ;
#321 = EDGE_CURVE ( 'NONE', #261, #1366, #2788, .T. ) ;
#322 = LINE ( 'NONE', #1986, #282 ) ;
#323 = ADVANCED_FACE ( 'NONE', ( #2342 ), #2082, .F. ) ;
#324 = EDGE_LOOP ( 'NONE', ( #2031, #1494, #2172, #2232, #3018 ) ) ;
#325 = CARTESIAN_POINT ( 'NONE',  ( 20.10088631895340328, 160.6225722085274583, -151.0920789922819267 ) ) ;
#326 = CARTESIAN_POINT ( 'NONE',  ( -12.44764944012210073, 166.7039520476192536, -152.6545020958443786 ) ) ;
#327 = PRODUCT_DEFINITION_CONTEXT ( 'detailed design', #2246, 'design' ) ;
#328 = VERTEX_POINT ( 'NONE', #899 ) ;
#329 = FACE_BOUND ( 'NONE', #1032, .T. ) ;
#330 = CARTESIAN_POINT ( 'NONE',  ( -19.78986055221011142, 192.9909756271985657, -150.9768110579142615 ) ) ;
#331 = B_SPLINE_CURVE_WITH_KNOTS ( 'NONE', 3,
 ( #1058, #1339, #1599, #2596 ),
 .UNSPECIFIED., .F., .F.,
 ( 4, 4 ),
 ( 0.1130902905050044926, 0.1137578118972829566 ),
 .UNSPECIFIED. ) ;
#332 = CARTESIAN_POINT ( 'NONE',  ( -19.09223514722866355, 161.7134734214171772, -152.1508845481225194 ) ) ;
#333 = CARTESIAN_POINT ( 'NONE',  ( 11.40505042518213585, 170.3611071031205029, -190.0790550709498348 ) ) ;
#334 = DIRECTION ( 'NONE',  ( 0.000000000000000000, 0.9999407575168361983, -0.01088491877119495375 ) ) ;
#335 = ORIENTED_EDGE ( 'NONE', *, *, #2354, .F. ) ;
#336 = CIRCLE ( 'NONE', #1589, 1.700000000000017275 ) ;
#337 = CARTESIAN_POINT ( 'NONE',  ( 27.20241061922487447, 151.3967269718794171, -155.1757113826066359 ) ) ;
#338 = AXIS2_PLACEMENT_3D ( 'NONE', #1766, #1781, #815 ) ;
#339 = ORIENTED_EDGE ( 'NONE', *, *, #2922, .T. ) ;
#340 = CARTESIAN_POINT ( 'NONE',  ( 19.92655655701504358, 160.9587559162317802, -151.4661252639488396 ) ) ;
#341 = FACE_OUTER_BOUND ( 'NONE', #15, .T. ) ;
#342 = EDGE_CURVE ( 'NONE', #1287, #2468, #2111, .T. ) ;
#343 = CARTESIAN_POINT ( 'NONE',  ( -22.28241392706020108, 171.6905162419541284, -152.2573749361260980 ) ) ;
#344 = ORIENTED_EDGE ( 'NONE', *, *, #1512, .T. ) ;
#345 = CARTESIAN_POINT ( 'NONE',  ( -26.24185864369608012, 151.2471285448917797, -155.9759232895125933 ) ) ;
#346 = DIRECTION ( 'NONE',  ( 0.004944046975061859930, -0.01088478573707893707, -0.9999285363659576875 ) ) ;
#347 = EDGE_CURVE ( 'NONE', #2159, #682, #1358, .T. ) ;
#348 = ORIENTED_EDGE ( 'NONE', *, *, #2954, .T. ) ;
#349 = CARTESIAN_POINT ( 'NONE',  ( -30.78061912092344699, 218.9165388514242068, -133.7559402188932438 ) ) ;
#350 = VECTOR ( 'NONE', #3007, 1000.000000000000227 ) ;
#351 = CARTESIAN_POINT ( 'NONE',  ( 26.76002574110636090, 145.8858969984691214, -141.7332769688570693 ) ) ;
#352 = CARTESIAN_POINT ( 'NONE',  ( 22.67057724397500351, 175.2152202820822993, -142.6758799480598441 ) ) ;
#353 = ORIENTED_EDGE ( 'NONE', *, *, #2590, .T. ) ;
#354 = CARTESIAN_POINT ( 'NONE',  ( -25.90941541329021547, 145.8780592151847770, -142.4532932702495884 ) ) ;
#355 = VECTOR ( 'NONE', #893, 1000.000000000000114 ) ;
#356 = DIRECTION ( 'NONE',  ( 0.004944046975062000443, -0.01088478573707908105, -0.9999285363659576875 ) ) ;
#357 = AXIS2_PLACEMENT_3D ( 'NONE', #961, #3129, #2141 ) ;
#358 = ORIENTED_EDGE ( 'NONE', *, *, #1061, .F. ) ;
#359 = LINE ( 'NONE', #49, #3140 ) ;
#360 = DIRECTION ( 'NONE',  ( 0.9999877781250670061, 5.381554972483571951E-05, 0.004943754077442174058 ) ) ;
#361 = DIRECTION ( 'NONE',  ( 0.000000000000000000, -0.9359127059959955197, 0.3522320353903848900 ) ) ;
#362 = AXIS2_PLACEMENT_3D ( 'NONE', #168, #859, #2034 ) ;
#363 = ORIENTED_EDGE ( 'NONE', *, *, #264, .F. ) ;
#364 = CARTESIAN_POINT ( 'NONE',  ( -27.00965057232136601, 151.4736400628527520, -155.2769204058432422 ) ) ;
#365 = CARTESIAN_POINT ( 'NONE',  ( -10.93870670424634284, 166.9722416124633639, -184.8943823497485539 ) ) ;
#366 = EDGE_CURVE ( 'NONE', #239, #239, #1790, .T. ) ;
#367 = EDGE_CURVE ( 'NONE', #295, #728, #1280, .T. ) ;
#368 = LINE ( 'NONE', #1313, #3145 ) ;
#369 = DIRECTION ( 'NONE',  ( -0.004944046975061859063, 0.01088478573707893360, 0.9999285363659575765 ) ) ;
#370 = ORIENTED_EDGE ( 'NONE', *, *, #931, .T. ) ;
#371 = CYLINDRICAL_SURFACE ( 'NONE', #407, 0.9999999999999953371 ) ;
#372 = FACE_OUTER_BOUND ( 'NONE', #2493, .T. ) ;
#373 = ORIENTED_EDGE ( 'NONE', *, *, #814, .F. ) ;
#374 = CARTESIAN_POINT ( 'NONE',  ( -19.78986055221011497, 160.4090180418261014, -150.6221380844833675 ) ) ;
#375 = CARTESIAN_POINT ( 'NONE',  ( -20.78072704271784588, 248.4830118026848425, -144.8336828715171123 ) ) ;
#376 = DIRECTION ( 'NONE',  ( 0.000000000000000000, 0.9999407575168363094, -0.01088491877120073038 ) ) ;
#377 = VERTEX_POINT ( 'NONE', #1850 ) ;
#378 = CARTESIAN_POINT ( 'NONE',  ( -26.41062039811172113, 150.7281569910869905, -156.2512424411619065 ) ) ;
#379 = CARTESIAN_POINT ( 'NONE',  ( -12.28287758913571359, 201.6818089414093720, -157.0840773592845494 ) ) ;
#380 = ADVANCED_FACE ( 'NONE', ( #2818 ), #2200, .F. ) ;
#381 = CARTESIAN_POINT ( 'NONE',  ( 7.783590918526589242, 165.0462024862629278, -155.2090780627025310 ) ) ;
#382 = CARTESIAN_POINT ( 'NONE',  ( -22.27790079910061749, 191.7302282812212297, -153.3884022552059605 ) ) ;
#383 = EDGE_CURVE ( 'NONE', #1660, #1921, #1834, .T. ) ;
#384 = CARTESIAN_POINT ( 'NONE',  ( -17.78329289304287641, 192.9726093589248705, -152.9668327944388864 ) ) ;
#385 = ORIENTED_EDGE ( 'NONE', *, *, #1251, .F. ) ;
#386 = CARTESIAN_POINT ( 'NONE',  ( 11.01887000470433975, 239.1230826313054081, -141.1532052700965494 ) ) ;
#387 = AXIS2_PLACEMENT_3D ( 'NONE', #482, #2161, #719 ) ;
#388 = CARTESIAN_POINT ( 'NONE',  ( 16.80755063161032581, 162.8775854198507602, -151.6397141863521654 ) ) ;
#389 = DIRECTION ( 'NONE',  ( 0.000000000000000000, 0.9999407575168364204, -0.01088491877118685260 ) ) ;
#390 = AXIS2_PLACEMENT_3D ( 'NONE', #138, #2871, #1365 ) ;
#391 = ORIENTED_EDGE ( 'NONE', *, *, #298, .F. ) ;
#392 = CARTESIAN_POINT ( 'NONE',  ( 11.35134048867754686, 162.5297839770840369, -179.1297387862866515 ) ) ;
#393 = VECTOR ( 'NONE', #489, 1000.000000000000227 ) ;
#394 = AXIS2_PLACEMENT_3D ( 'NONE', #2242, #69, #1026 ) ;
#395 = VERTEX_POINT ( 'NONE', #1584 ) ;
#396 = CARTESIAN_POINT ( 'NONE',  ( 0.2321432216789613978, 132.7437338472308852, -154.7223106797106311 ) ) ;
#397 = DIRECTION ( 'NONE',  ( 0.000000000000000000, 0.9999407575168363094, -0.01088491877119485488 ) ) ;
#398 = ADVANCED_FACE ( 'NONE', ( #2564 ), #1600, .F. ) ;
#399 = DIRECTION ( 'NONE',  ( -0.004944046975061859063, 0.01088478573707893186, 0.9999285363659575765 ) ) ;
#400 = VECTOR ( 'NONE', #2372, 1000.000000000000227 ) ;
#401 = CARTESIAN_POINT ( 'NONE',  ( -22.32887277165305306, 175.2127985823447034, -142.8983488815447629 ) ) ;
#402 = ADVANCED_FACE ( 'NONE', ( #2581 ), #1034, .F. ) ;
#403 = EDGE_CURVE ( 'NONE', #3069, #1545, #3034, .T. ) ;
#404 = EDGE_LOOP ( 'NONE', ( #9, #2307, #1795, #2114 ) ) ;
#405 = DIRECTION ( 'NONE',  ( -0.004645884459284525640, 0.3522282340390578970, 0.9359026054581309761 ) ) ;
#406 = DIRECTION ( 'NONE',  ( 0.004645884459284523905, -0.3522282340390552879, -0.9359026054581318643 ) ) ;
#407 = AXIS2_PLACEMENT_3D ( 'NONE', #617, #155, #2103 ) ;
#408 = ORIENTED_EDGE ( 'NONE', *, *, #592, .F. ) ;
#409 = CARTESIAN_POINT ( 'NONE',  ( 22.66759561881724494, 171.8017857990625146, -142.0356206389816691 ) ) ;
#410 = CIRCLE ( 'NONE', #2070, 1.999999999999990896 ) ;
#411 = AXIS2_PLACEMENT_3D ( 'NONE', #1847, #1146, #895 ) ;
#412 = EDGE_LOOP ( 'NONE', ( #2214, #256, #100, #1158 ) ) ;
#413 = DIRECTION ( 'NONE',  ( 0.000000000000000000, 0.9359127059959954087, -0.3522320353903850010 ) ) ;
#414 = CARTESIAN_POINT ( 'NONE',  ( 0.2936358917923924672, 132.6083519340003249, -167.1591414650792160 ) ) ;
#415 = CYLINDRICAL_SURFACE ( 'NONE', #598, 1.999999999999990896 ) ;
#416 = DIRECTION ( 'NONE',  ( 0.004944046975062000443, -0.01088478573707908105, -0.9999285363659576875 ) ) ;
#417 = DIRECTION ( 'NONE',  ( 0.004944046975062000443, -0.01088478573707908105, -0.9999285363659576875 ) ) ;
#418 = ORIENTED_EDGE ( 'NONE', *, *, #552, .T. ) ;
#419 = CARTESIAN_POINT ( 'NONE',  ( -24.84274799186101745, 145.9964837688660566, -179.9923413513132289 ) ) ;
#420 = CARTESIAN_POINT ( 'NONE',  ( -5.997783569644857593, 164.7353001190969621, -155.6712371878287797 ) ) ;
#421 = EDGE_CURVE ( 'NONE', #1578, #30, #1513, .T. ) ;
#422 = ORIENTED_EDGE ( 'NONE', *, *, #2396, .T. ) ;
#423 = CARTESIAN_POINT ( 'NONE',  ( 18.21956311049257593, 194.9711325616475506, -152.8105753132457778 ) ) ;
#424 = CARTESIAN_POINT ( 'NONE',  ( 0.1678706110031578380, 132.8852360618129183, -141.7232397069533079 ) ) ;
#425 = DIRECTION ( 'NONE',  ( 3.185337984228735105E-16, -0.9999407575168364204, 0.01088491877119429803 ) ) ;
#426 = ORIENTED_EDGE ( 'NONE', *, *, #2492, .T. ) ;
#427 = LINE ( 'NONE', #1437, #2792 ) ;
#428 = CARTESIAN_POINT ( 'NONE',  ( -30.63607423507804484, 151.1583142083996449, -155.2510539607627891 ) ) ;
#429 = DIRECTION ( 'NONE',  ( 0.000000000000000000, 0.9999407575168363094, -0.01088491877120073038 ) ) ;
#430 = DIRECTION ( 'NONE',  ( 0.000000000000000000, -0.9359127059959955197, 0.3522320353903848900 ) ) ;
#431 = ORIENTED_EDGE ( 'NONE', *, *, #2496, .F. ) ;
#432 = CARTESIAN_POINT ( 'NONE',  ( 0.7627058373620363430, 151.7317517411117649, -155.9264541120277556 ) ) ;
#433 = CARTESIAN_POINT ( 'NONE',  ( 12.92257764922429075, 164.7226973825260075, -150.5073515256439691 ) ) ;
#434 = ORIENTED_EDGE ( 'NONE', *, *, #2210, .T. ) ;
#435 = CARTESIAN_POINT ( 'NONE',  ( -8.307801502339453137, 165.6513164069197614, -155.1227531699536257 ) ) ;
#436 = EDGE_CURVE ( 'NONE', #1451, #616, #2007, .T. ) ;
#437 = VECTOR ( 'NONE', #855, 1000.000000000000114 ) ;
#438 = ORIENTED_EDGE ( 'NONE', *, *, #1737, .T. ) ;
#439 = DIRECTION ( 'NONE',  ( 0.004944046975061857328, -0.01088478573707893013, -0.9999285363659576875 ) ) ;
#440 = EDGE_CURVE ( 'NONE', #775, #3041, #128, .T. ) ;
#441 = ORIENTED_EDGE ( 'NONE', *, *, #1667, .F. ) ;
#442 = DIRECTION ( 'NONE',  ( 0.004944046975061859930, -0.01088478573707893707, -0.9999285363659576875 ) ) ;
#443 = CARTESIAN_POINT ( 'NONE',  ( 6.306230595055438926, 168.5786522250799067, -170.0834332764754606 ) ) ;
#444 = CARTESIAN_POINT ( 'NONE',  ( -10.62361869821807225, 162.4740622905256657, -184.2485997202696240 ) ) ;
#445 = B_SPLINE_CURVE_WITH_KNOTS ( 'NONE', 3,
 ( #1543, #2966, #571, #1254, #337, #603, #1286, #2236, #2266, #61, #2544, #782 ),
 .UNSPECIFIED., .F., .F.,
 ( 4, 2, 2, 2, 2, 4 ),
 ( 3.469446951953614189E-18, 0.0008072244419267110950, 0.001614448883853418721, 0.002421673325780126455, 0.002825285546743444218, 0.003228897767706762414 ),
 .UNSPECIFIED. ) ;
#446 = CARTESIAN_POINT ( 'NONE',  ( -22.28276966734131292, 201.6654446480165461, -157.1275587822448756 ) ) ;
#447 = VECTOR ( 'NONE', #622, 1000.000000000000114 ) ;
#448 = ORIENTED_EDGE ( 'NONE', *, *, #2396, .F. ) ;
#449 = DIRECTION ( 'NONE',  ( -0.004944046975062000443, 0.01088478573707908105, 0.9999285363659576875 ) ) ;
#450 = CARTESIAN_POINT ( 'NONE',  ( -6.669871100331019598, 164.8343240553354860, -155.4799517825692305 ) ) ;
#451 = ORIENTED_EDGE ( 'NONE', *, *, #2054, .F. ) ;
#452 = DIRECTION ( 'NONE',  ( 1.994389897115271028E-16, 0.9999407575168361983, -0.01088491877119481151 ) ) ;
#453 = AXIS2_PLACEMENT_3D ( 'NONE', #3042, #2341, #2324 ) ;
#454 = DIRECTION ( 'NONE',  ( 0.000000000000000000, 0.01088491877119480804, 0.9999407575168361983 ) ) ;
#455 = VERTEX_POINT ( 'NONE', #3016 ) ;
#456 = DIRECTION ( 'NONE',  ( 0.000000000000000000, 0.9999407575168361983, -0.01088491877119452528 ) ) ;
#457 = EDGE_CURVE ( 'NONE', #765, #2144, #1340, .T. ) ;
#458 = VECTOR ( 'NONE', #2260, 1000.000000000000114 ) ;
#459 = EDGE_CURVE ( 'NONE', #3116, #1422, #685, .T. ) ;
#460 = ORIENTED_EDGE ( 'NONE', *, *, #2178, .T. ) ;
#461 = DIRECTION ( 'NONE',  ( 5.834362940687619195E-18, 0.9999407575168363094, -0.01088491877119495722 ) ) ;
#462 = CARTESIAN_POINT ( 'NONE',  ( 9.355634399181383287, 172.4697288444255321, -180.1114270529875512 ) ) ;
#463 = ORIENTED_EDGE ( 'NONE', *, *, #2259, .T. ) ;
#464 = CARTESIAN_POINT ( 'NONE',  ( -24.79825156908557560, 145.8985206972326125, -188.9916981785835333 ) ) ;
#465 = EDGE_LOOP ( 'NONE', ( #2599, #1203, #391, #1134, #1533, #1734, #892, #1864 ) ) ;
#466 = CARTESIAN_POINT ( 'NONE',  ( 20.15663788394255818, 160.5141772823867825, -150.8934518655388786 ) ) ;
#467 = VERTEX_POINT ( 'NONE', #1527 ) ;
#468 = CARTESIAN_POINT ( 'NONE',  ( 25.59873320674745756, 145.9012328718206675, -188.7425448344861820 ) ) ;
#469 = CARTESIAN_POINT ( 'NONE',  ( -21.46673068596282974, 205.3698522661836989, -158.5176668160281963 ) ) ;
#470 = CARTESIAN_POINT ( 'NONE',  ( 30.93176801011840737, 151.4442781501724937, -154.7740854105544770 ) ) ;
#471 = EDGE_LOOP ( 'NONE', ( #358, #1965, #1305, #151, #559, #2012 ) ) ;
#472 = CARTESIAN_POINT ( 'NONE',  ( 11.16581497938802414, 238.6235807216769160, -170.8707631156796936 ) ) ;
#473 = EDGE_CURVE ( 'NONE', #1238, #1221, #1813, .T. ) ;
#474 = DIRECTION ( 'NONE',  ( -7.806255641895630384E-18, -0.9359127059959950756, 0.3522320353903856671 ) ) ;
#475 = VERTEX_POINT ( 'NONE', #2799 ) ;
#476 = CARTESIAN_POINT ( 'NONE',  ( -22.12754836409293091, 180.1531956242310173, -184.7293124611053088 ) ) ;
#477 = ADVANCED_FACE ( 'NONE', ( #372, #1319 ), #2509, .F. ) ;
#478 = ORIENTED_EDGE ( 'NONE', *, *, #1995, .F. ) ;
#479 = CARTESIAN_POINT ( 'NONE',  ( 26.40409823996842320, 151.1497551065608604, -156.4964698725366077 ) ) ;
#480 = VERTEX_POINT ( 'NONE', #2748 ) ;
#481 = CARTESIAN_POINT ( 'NONE',  ( 11.37973522370383250, 163.0071827556089374, -184.8784226855857753 ) ) ;
#482 = CARTESIAN_POINT ( 'NONE',  ( 0.2321432216790837721, 132.7437338472312263, -154.7223106797106311 ) ) ;
#483 = CARTESIAN_POINT ( 'NONE',  ( 9.760627810357034306, 166.9069080995096783, -152.4410167158773106 ) ) ;
#484 = AXIS2_PLACEMENT_3D ( 'NONE', #1059, #2518, #789 ) ;
#485 =( BOUNDED_SURFACE ( )  B_SPLINE_SURFACE ( 3, 2, ( 
 ( #2770, #788, #771 ),
 ( #2719, #2046, #1260 ),
 ( #1025, #1568, #594 ),
 ( #610, #378, #544 ),
 ( #345, #563, #1012 ),
 ( #3023, #806, #1292 ),
 ( #2993, #2290, #1275 ),
 ( #1772, #1551, #2534 ),
 ( #364, #2754, #1324 ),
 ( #2304, #1310, #834 ),
 ( #1500, #1804, #2487 ),
 ( #578, #313, #1994 ) ),
 .UNSPECIFIED., .F., .F., .F. ) 
 B_SPLINE_SURFACE_WITH_KNOTS ( ( 4, 2, 2, 2, 2, 4 ),
 ( 3, 3 ),
 ( 0.000000000000000000, 0.0004334512585993208385, 0.0006501768878989812577, 0.0008669025171986416770, 0.001300353775797962515, 0.001733805034397283354 ),
 ( 0.000000000000000000, 1.000000000000000000 ),
 .UNSPECIFIED. ) 
 GEOMETRIC_REPRESENTATION_ITEM ( )  RATIONAL_B_SPLINE_SURFACE ( (
 ( 1.000000000000000000, 0.8876253645985930918, 1.000000000000000000),
 ( 1.000000000000000000, 0.8877155431724622625, 1.000000000000000000),
 ( 1.000000000000000000, 0.8821376127929131394, 1.000000000000000000),
 ( 1.000000000000000000, 0.8674535863262669011, 1.000000000000000000),
 ( 1.000000000000000000, 0.8614375996481701270, 1.000000000000000000),
 ( 1.000000000000000000, 0.8477654214624180673, 1.000000000000000000),
 ( 1.000000000000000000, 0.8401382991331646233, 1.000000000000000000),
 ( 1.000000000000000000, 0.8149524588290076865, 1.000000000000000000),
 ( 1.000000000000000000, 0.7956312035741849309, 1.000000000000000000),
 ( 1.000000000000000000, 0.7534052032361741036, 1.000000000000000000),
 ( 1.000000000000000000, 0.7310359053780274285, 1.000000000000000000),
 ( 1.000000000000000000, 0.7071067811865460184, 1.000000000000000000) ) ) 
 REPRESENTATION_ITEM ( '' )  SURFACE ( )  );
#486 = SURFACE_SIDE_STYLE ('',( #1884 ) ) ;
#487 = ORIENTED_EDGE ( 'NONE', *, *, #1719, .T. ) ;
#488 = CARTESIAN_POINT ( 'NONE',  ( -18.35494003899860971, 163.0517935204614730, -152.5596689293179793 ) ) ;
#489 = DIRECTION ( 'NONE',  ( -0.004944046975061859063, 0.01088478573707893880, 0.9999285363659575765 ) ) ;
#490 = ORIENTED_EDGE ( 'NONE', *, *, #592, .T. ) ;
#491 = DIRECTION ( 'NONE',  ( 0.000000000000000000, -0.9999407575168363094, 0.01088491877120073038 ) ) ;
#492 = EDGE_CURVE ( 'NONE', #467, #3116, #445, .T. ) ;
#493 = EDGE_CURVE ( 'NONE', #1221, #2945, #322, .T. ) ;
#494 = ORIENTED_EDGE ( 'NONE', *, *, #1061, .T. ) ;
#495 = CARTESIAN_POINT ( 'NONE',  ( 26.64607453218755140, 151.2284901024549697, -155.8294154647734899 ) ) ;
#496 = CIRCLE ( 'NONE', #1391, 9.999999999999992895 ) ;
#497 = VERTEX_POINT ( 'NONE', #1746 ) ;
#498 = CARTESIAN_POINT ( 'NONE',  ( 22.70378271143910709, 193.5937739958072257, -149.5925091061155285 ) ) ;
#499 = DIRECTION ( 'NONE',  ( 0.000000000000000000, 0.9999407575168363094, -0.01088491877120073038 ) ) ;
#500 = AXIS2_PLACEMENT_3D ( 'NONE', #2268, #1768, #1067 ) ;
#501 = DIRECTION ( 'NONE',  ( 0.004943754084600977122, 2.775557561562893323E-15, -0.9999877795731061392 ) ) ;
#502 = CIRCLE ( 'NONE', #896, 4.000000000000008882 ) ;
#503 = CARTESIAN_POINT ( 'NONE',  ( -22.33185439681082229, 171.7993640993248903, -142.2580895724665595 ) ) ;
#504 = AXIS2_PLACEMENT_3D ( 'NONE', #230, #1183, #3139 ) ;
#505 = CARTESIAN_POINT ( 'NONE',  ( 22.72396875294716168, 195.6808488893479705, -155.2962080626650163 ) ) ;
#506 = DIRECTION ( 'NONE',  ( 0.000000000000000000, 0.9359127059959954087, -0.3522320353903850010 ) ) ;
#507 = ORIENTED_EDGE ( 'NONE', *, *, #2021, .T. ) ;
#508 = CARTESIAN_POINT ( 'NONE',  ( -22.28276966734131648, 189.0354083217281698, -152.3742272228354011 ) ) ;
#509 = APPLICATION_PROTOCOL_DEFINITION ( 'draft international standard', 'automotive_design', 1998, #1240 ) ;
#510 = EDGE_LOOP ( 'NONE', ( #816, #1521, #3014, #2303 ) ) ;
#511 = CARTESIAN_POINT ( 'NONE',  ( 11.35560995543151819, 170.4699549604912647, -180.0797697072902679 ) ) ;
#512 = EDGE_CURVE ( 'NONE', #2434, #2445, #1331, .T. ) ;
#513 = ORIENTED_EDGE ( 'NONE', *, *, #2416, .F. ) ;
#514 = LINE ( 'NONE', #965, #2625 ) ;
#515 = DIRECTION ( 'NONE',  ( -0.004645884459284533446, 0.3522282340390548439, 0.9359026054581320864 ) ) ;
#516 = PLANE ( 'NONE',  #2578 ) ;
#517 = ORIENTED_EDGE ( 'NONE', *, *, #703, .F. ) ;
#518 = DIRECTION ( 'NONE',  ( -0.9999877781250670061, -5.381554972413991243E-05, -0.004943754077441767265 ) ) ;
#519 = DIRECTION ( 'NONE',  ( 0.000000000000000000, -0.9999407575168364204, 0.01088491877119371690 ) ) ;
#520 = CARTESIAN_POINT ( 'NONE',  ( -30.71670929313495790, 150.4595838579910776, -184.3498176135993560 ) ) ;
#521 = ORIENTED_EDGE ( 'NONE', *, *, #856, .T. ) ;
#522 = DIRECTION ( 'NONE',  ( -0.004944046975061859063, 0.01088478573707893880, 0.9999285363659576875 ) ) ;
#523 = ORIENTED_EDGE ( 'NONE', *, *, #1232, .T. ) ;
#524 = CARTESIAN_POINT ( 'NONE',  ( 27.73922602138702942, 150.7313210727307080, -155.9605747510385640 ) ) ;
#525 = EDGE_CURVE ( 'NONE', #1803, #497, #1890, .T. ) ;
#526 = VERTEX_POINT ( 'NONE', #109 ) ;
#527 = LINE ( 'NONE', #1226, #3033 ) ;
#528 = DIRECTION ( 'NONE',  ( 0.004944046975061858196, -0.01088478573707893360, -0.9999285363659576875 ) ) ;
#529 = EDGE_CURVE ( 'NONE', #1921, #295, #2211, .T. ) ;
#530 = EDGE_CURVE ( 'NONE', #2945, #577, #2308, .T. ) ;
#531 = ORIENTED_EDGE ( 'NONE', *, *, #1384, .T. ) ;
#532 = CARTESIAN_POINT ( 'NONE',  ( 42.40467154705881825, 145.3642564472407344, -189.6536757252692666 ) ) ;
#533 = AXIS2_PLACEMENT_3D ( 'NONE', #2527, #1303, #2284 ) ;
#534 = CYLINDRICAL_SURFACE ( 'NONE', #132, 0.9999999999999953371 ) ;
#535 = FACE_OUTER_BOUND ( 'NONE', #124, .T. ) ;
#536 = ORIENTED_EDGE ( 'NONE', *, *, #2922, .F. ) ;
#537 = FACE_OUTER_BOUND ( 'NONE', #556, .T. ) ;
#538 = VECTOR ( 'NONE', #1062, 1000.000000000000114 ) ;
#539 = ORIENTED_EDGE ( 'NONE', *, *, #2210, .F. ) ;
#540 = CARTESIAN_POINT ( 'NONE',  ( 19.41399566727868731, 161.9251902312225013, -152.0476039521493021 ) ) ;
#541 = CARTESIAN_POINT ( 'NONE',  ( -15.19558638149520391, 165.5471305049987052, -152.6554963415920270 ) ) ;
#542 = VECTOR ( 'NONE', #2752, 1000.000000000000114 ) ;
#543 = EDGE_LOOP ( 'NONE', ( #3056, #373, #1491, #583 ) ) ;
#544 = CARTESIAN_POINT ( 'NONE',  ( -26.88794606710355595, 150.7246600729949364, -156.5724860809807524 ) ) ;
#545 = PLANE ( 'NONE',  #1689 ) ;
#546 = AXIS2_PLACEMENT_3D ( 'NONE', #3073, #885, #2598 ) ;
#547 = B_SPLINE_CURVE_WITH_KNOTS ( 'NONE', 3,
 ( #6, #2646, #759, #1419, #2943, #2160, #731, #2897, #2224, #1694 ),
 .UNSPECIFIED., .F., .F.,
 ( 4, 2, 2, 2, 4 ),
 ( 0.000000000000000000, 0.0004323937832275525760, 0.0008647875664551051521, 0.001297181349682657728, 0.001729575132910210304 ),
 .UNSPECIFIED. ) ;
#548 = ORIENTED_EDGE ( 'NONE', *, *, #2315, .T. ) ;
#549 = CIRCLE ( 'NONE', #650, 31.99999999999998934 ) ;
#550 = CARTESIAN_POINT ( 'NONE',  ( -18.96338685257412138, 161.9506665334067748, -152.2486734785602778 ) ) ;
#551 = ADVANCED_FACE ( 'NONE', ( #1577 ), #2558, .T. ) ;
#552 = EDGE_CURVE ( 'NONE', #1087, #976, #922, .T. ) ;
#553 = VECTOR ( 'NONE', #2569, 1000.000000000000114 ) ;
#554 = LINE ( 'NONE', #1762, #2261 ) ;
#555 = CARTESIAN_POINT ( 'NONE',  ( 30.89589054796883971, 151.5034797924847396, -154.7963292878915524 ) ) ;
#556 = EDGE_LOOP ( 'NONE', ( #237, #2761, #1011, #1418 ) ) ;
#557 = CARTESIAN_POINT ( 'NONE',  ( 0.7024060138087601102, 150.8645667326142643, -143.7199904269364197 ) ) ;
#558 = CARTESIAN_POINT ( 'NONE',  ( 0.9011391526637013705, 151.4269777404738022, -183.9244531302517487 ) ) ;
#559 = ORIENTED_EDGE ( 'NONE', *, *, #1512, .F. ) ;
#560 = CARTESIAN_POINT ( 'NONE',  ( 19.43493815494667842, 161.8863216717317073, -152.0312009395057657 ) ) ;
#561 = CARTESIAN_POINT ( 'NONE',  ( 25.71138375141645227, 145.7267315965910086, -188.7574119083620019 ) ) ;
#562 = ORIENTED_EDGE ( 'NONE', *, *, #2315, .F. ) ;
#563 = CARTESIAN_POINT ( 'NONE',  ( -26.46706083007131838, 150.7292889514220633, -156.1472551447418766 ) ) ;
#564 = DIRECTION ( 'NONE',  ( 0.000000000000000000, 0.9999407575168364204, -0.01088491877119371690 ) ) ;
#565 = DIRECTION ( 'NONE',  ( 0.004348148117992677725, 0.000000000000000000, -0.9999905467592902220 ) ) ;
#566 = DIRECTION ( 'NONE',  ( -0.001690963655019507355, -0.9359141350837764106, 0.3522241791704597280 ) ) ;
#567 = CARTESIAN_POINT ( 'NONE',  ( 0.9060831996388880594, -1.994827625583525332, -183.2544173246522519 ) ) ;
#568 = EDGE_CURVE ( 'NONE', #30, #695, #175, .T. ) ;
#569 = VERTEX_POINT ( 'NONE', #446 ) ;
#570 = CARTESIAN_POINT ( 'NONE',  ( 31.01865416111554197, 218.9152395175844106, -133.4486753991109538 ) ) ;
#571 = CARTESIAN_POINT ( 'NONE',  ( 27.90793853109654066, 151.5999421617617031, -154.8400306793615187 ) ) ;
#572 = ADVANCED_FACE ( 'NONE', ( #2314 ), #2921, .F. ) ;
#573 = ORIENTED_EDGE ( 'NONE', *, *, #1216, .T. ) ;
#574 = CARTESIAN_POINT ( 'NONE',  ( 19.33903935288028464, 162.0641621453114851, -152.1054000079771811 ) ) ;
#575 = LINE ( 'NONE', #2953, #2994 ) ;
#576 = LINE ( 'NONE', #1799, #2209 ) ;
#577 = VERTEX_POINT ( 'NONE', #2842 ) ;
#578 = CARTESIAN_POINT ( 'NONE',  ( -27.96325653320325699, 151.7410908705682857, -155.0685169625083120 ) ) ;
#579 = DIRECTION ( 'NONE',  ( 0.000000000000000000, 0.9359127059959937434, -0.3522320353903898305 ) ) ;
#580 = PLANE ( 'NONE',  #798 ) ;
#581 = FACE_OUTER_BOUND ( 'NONE', #2289, .T. ) ;
#582 = DIRECTION ( 'NONE',  ( 0.000000000000000000, 0.9999407575168361983, -0.01088491877119480630 ) ) ;
#583 = ORIENTED_EDGE ( 'NONE', *, *, #1996, .F. ) ;
#584 = FACE_OUTER_BOUND ( 'NONE', #1594, .T. ) ;
#585 = VECTOR ( 'NONE', #2065, 1000.000000000000114 ) ;
#586 =( BOUNDED_SURFACE ( )  B_SPLINE_SURFACE ( 3, 3, ( 
 ( #2860, #433, #2606, #2577 ),
 ( #1615, #2057, #388, #2093 ),
 ( #621, #2107, #3037, #1335 ),
 ( #2831, #667, #2593, #1353 ) ),
 .UNSPECIFIED., .F., .F., .T. ) 
 B_SPLINE_SURFACE_WITH_KNOTS ( ( 4, 4 ),
 ( 4, 4 ),
 ( 0.000000000000000000, 1.000000000000000000 ),
 ( 0.000000000000000000, 1.000000000000000000 ),
 .UNSPECIFIED. ) 
 GEOMETRIC_REPRESENTATION_ITEM ( )  RATIONAL_B_SPLINE_SURFACE ( (
 ( 1.000000000000000000, 0.9883011222627212655, 0.9883011222627212655, 1.000000000000000000),
 ( 0.8047378541243610517, 0.7953233243584001411, 0.7953233243584001411, 0.8047378541243610517),
 ( 0.8047378541243610517, 0.7953233243584001411, 0.7953233243584001411, 0.8047378541243610517),
 ( 1.000000000000000000, 0.9883011222627212655, 0.9883011222627212655, 1.000000000000000000) ) ) 
 REPRESENTATION_ITEM ( '' )  SURFACE ( )  );
#587 = VERTEX_POINT ( 'NONE', #1593 ) ;
#588 = CARTESIAN_POINT ( 'NONE',  ( 18.54678814315301238, 163.4915612664190689, -152.4393278631818021 ) ) ;
#589 = DIRECTION ( 'NONE',  ( 0.000000000000000000, 0.01088491877120073038, 0.9999407575168363094 ) ) ;
#590 = CARTESIAN_POINT ( 'NONE',  ( 11.35560995543146845, 163.5830613535499936, -180.0048019885190342 ) ) ;
#591 = EDGE_CURVE ( 'NONE', #2903, #1708, #908, .T. ) ;
#592 = EDGE_CURVE ( 'NONE', #962, #758, #777, .T. ) ;
#593 = ORIENTED_EDGE ( 'NONE', *, *, #2084, .F. ) ;
#594 = CARTESIAN_POINT ( 'NONE',  ( -26.78092919856926812, 150.7226027156897601, -156.7614847740764503 ) ) ;
#595 = DIRECTION ( 'NONE',  ( 0.004645884459284523905, -0.3522282340390552879, -0.9359026054581318643 ) ) ;
#596 = ORIENTED_EDGE ( 'NONE', *, *, #591, .T. ) ;
#597 = CARTESIAN_POINT ( 'NONE',  ( 9.975115257461624196, 167.3855959033116392, -152.5510550484851251 ) ) ;
#598 = AXIS2_PLACEMENT_3D ( 'NONE', #661, #1363, #184 ) ;
#599 = DIRECTION ( 'NONE',  ( -0.004944046975061859930, 0.01088478573707841665, 0.9999285363659575765 ) ) ;
#600 = EDGE_LOOP ( 'NONE', ( #1554 ) ) ;
#601 = CARTESIAN_POINT ( 'NONE',  ( 27.40411811501391526, 150.7282996692836150, -156.2381353387763454 ) ) ;
#602 = AXIS2_PLACEMENT_3D ( 'NONE', #990, #3117, #2143 ) ;
#603 = CARTESIAN_POINT ( 'NONE',  ( 26.82145512558529177, 151.2829147632307354, -155.5435869177037205 ) ) ;
#604 = CIRCLE ( 'NONE', #792, 35.94690529099798226 ) ;
#605 = EDGE_LOOP ( 'NONE', ( #837, #2935, #1020, #188, #613, #2182, #1246, #1323, #1143 ) ) ;
#606 = DIRECTION ( 'NONE',  ( 6.938893903907259932E-15, 0.9999407575168363094, -0.01088491877120073038 ) ) ;
#607 = CARTESIAN_POINT ( 'NONE',  ( -26.73604057928998401, 151.3943212243762275, -155.4412980650112672 ) ) ;
#608 = DIRECTION ( 'NONE',  ( 0.004944046975061859930, -0.01088478573707842532, -0.9999285363659577985 ) ) ;
#609 = VECTOR ( 'NONE', #2889, 1000.000000000000227 ) ;
#610 = CARTESIAN_POINT ( 'NONE',  ( -26.16940077171876311, 151.2249880773700568, -156.0945870309470251 ) ) ;
#611 = EDGE_CURVE ( 'NONE', #1708, #2251, #1380, .T. ) ;
#612 = CARTESIAN_POINT ( 'NONE',  ( 0.4051848658060132613, 132.3627663464333750, -189.7198094524963210 ) ) ;
#613 = ORIENTED_EDGE ( 'NONE', *, *, #2158, .T. ) ;
#614 = DIRECTION ( 'NONE',  ( -0.004944046975061859930, 0.01088478573707840798, 0.9999285363659576875 ) ) ;
#615 = CARTESIAN_POINT ( 'NONE',  ( 8.589554005578456497, 165.5021862305926561, -155.0375825139473704 ) ) ;
#616 = VERTEX_POINT ( 'NONE', #2074 ) ;
#617 = CARTESIAN_POINT ( 'NONE',  ( -11.62433275354504580, -1.984616913241078473, -182.3164123979171052 ) ) ;
#618 = DIRECTION ( 'NONE',  ( 0.000000000000000000, 0.9999407575168363094, -0.01088491877119503355 ) ) ;
#619 = ORIENTED_EDGE ( 'NONE', *, *, #1627, .F. ) ;
#620 = DIRECTION ( 'NONE',  ( 0.004943754084601049113, 0.000000000000000000, -0.9999877795731060282 ) ) ;
#621 = CARTESIAN_POINT ( 'NONE',  ( 8.987487525178188719, 166.5794797556727360, -152.5471632467188101 ) ) ;
#622 = DIRECTION ( 'NONE',  ( -0.000000000000000000, 0.9359127059959958528, -0.3522320353903840573 ) ) ;
#623 = ORIENTED_EDGE ( 'NONE', *, *, #3134, .T. ) ;
#624 = DIRECTION ( 'NONE',  ( 0.004943754084601017888, 0.000000000000000000, -0.9999877795731061392 ) ) ;
#625 = DIRECTION ( 'NONE',  ( 0.004944046975061859930, -0.01088478573707893707, -0.9999285363659576875 ) ) ;
#626 = ADVANCED_FACE ( 'NONE', ( #1098 ), #1179, .F. ) ;
#627 = ORIENTED_EDGE ( 'NONE', *, *, #65, .T. ) ;
#628 = DIRECTION ( 'NONE',  ( -9.909787885595105557E-17, -0.9999407575168364204, 0.01088491877119481498 ) ) ;
#629 = EDGE_CURVE ( 'NONE', #945, #1024, #1828, .T. ) ;
#630 = EDGE_CURVE ( 'NONE', #2645, #455, #2381, .T. ) ;
#631 = CARTESIAN_POINT ( 'NONE',  ( -19.82890332634039510, 175.2129331212190095, -142.8859894963511579 ) ) ;
#632 = DIRECTION ( 'NONE',  ( 0.000000000000000000, 0.9999407575168363094, -0.01088491877120073038 ) ) ;
#633 = ORIENTED_EDGE ( 'NONE', *, *, #2861, .T. ) ;
#634 = CARTESIAN_POINT ( 'NONE',  ( 12.69514625774297123, 166.1875106632118957, -185.0268870272616653 ) ) ;
#635 = AXIS2_PLACEMENT_3D ( 'NONE', #1535, #2258, #2291 ) ;
#636 = DIRECTION ( 'NONE',  ( -1.960237527853793279E-14, -0.9359127059959955197, 0.3522320353903848900 ) ) ;
#637 = VERTEX_POINT ( 'NONE', #156 ) ;
#638 = CYLINDRICAL_SURFACE ( 'NONE', #2731, 9.999999999999992895 ) ;
#639 = DIRECTION ( 'NONE',  ( 0.004943754084600977122, 0.000000000000000000, -0.9999877795731061392 ) ) ;
#640 = CIRCLE ( 'NONE', #2926, 9.999999999999992895 ) ;
#641 = AXIS2_PLACEMENT_3D ( 'NONE', #1243, #595, #579 ) ;
#642 = ORIENTED_EDGE ( 'NONE', *, *, #1894, .T. ) ;
#643 = PLANE ( 'NONE',  #2475 ) ;
#644 = CYLINDRICAL_SURFACE ( 'NONE', #1453, 4.000000000000008882 ) ;
#645 = CARTESIAN_POINT ( 'NONE',  ( 0.9060831996387633813, 151.4160929547367402, -184.9243816666177054 ) ) ;
#646 = ADVANCED_FACE ( 'NONE', ( #2090 ), #1873, .T. ) ;
#647 = CARTESIAN_POINT ( 'NONE',  ( 26.65423391142943288, 145.3667461942305010, -189.4249556453764285 ) ) ;
#648 = ORIENTED_EDGE ( 'NONE', *, *, #2570, .T. ) ;
#649 = FACE_OUTER_BOUND ( 'NONE', #600, .T. ) ;
#650 = AXIS2_PLACEMENT_3D ( 'NONE', #1352, #2336, #877 ) ;
#651 = CARTESIAN_POINT ( 'NONE',  ( -6.224013558121123779, 164.7559401253449778, -155.6104234477055286 ) ) ;
#652 = VECTOR ( 'NONE', #2641, 1000.000000000000114 ) ;
#653 = VERTEX_POINT ( 'NONE', #875 ) ;
#654 = CARTESIAN_POINT ( 'NONE',  ( -25.59603402125634375, 145.9217744997728516, -142.7103001651003638 ) ) ;
#655 = ADVANCED_BREP_SHAPE_REPRESENTATION ( 'M-COMA-060100-A', ( #1073, #2019 ), #2540 ) ;
#656 = DIRECTION ( 'NONE',  ( 0.004944046975061859063, -0.01088478573707893360, -0.9999285363659575765 ) ) ;
#657 = VECTOR ( 'NONE', #1263, 1000.000000000000227 ) ;
#658 = ORIENTED_EDGE ( 'NONE', *, *, #850, .T. ) ;
#659 = DIRECTION ( 'NONE',  ( 0.004944046975061868604, -0.01088478573707161827, -0.9999285363659576875 ) ) ;
#660 = CARTESIAN_POINT ( 'NONE',  ( 8.856939578454477768, 165.7881889951618177, -150.8080138199343310 ) ) ;
#661 = CARTESIAN_POINT ( 'NONE',  ( -24.20606467227170810, 161.5831983165378176, -167.5956853271923706 ) ) ;
#662 = FACE_OUTER_BOUND ( 'NONE', #1269, .T. ) ;
#663 = CARTESIAN_POINT ( 'NONE',  ( -5.683734648495124553, 164.5564738369415068, -172.0990757230749750 ) ) ;
#664 = EDGE_CURVE ( 'NONE', #1087, #1131, #99, .T. ) ;
#665 = ORIENTED_EDGE ( 'NONE', *, *, #1824, .F. ) ;
#666 = FACE_OUTER_BOUND ( 'NONE', #1464, .T. ) ;
#667 = CARTESIAN_POINT ( 'NONE',  ( 13.67807762815582606, 166.5736540280300630, -152.5239076751841480 ) ) ;
#668 = EDGE_CURVE ( 'NONE', #1957, #1637, #879, .T. ) ;
#669 = ORIENTED_EDGE ( 'NONE', *, *, #753, .F. ) ;
#670 = CARTESIAN_POINT ( 'NONE',  ( 11.35549011556592447, 163.3139548122927067, -179.9776322476249106 ) ) ;
#671 = CARTESIAN_POINT ( 'NONE',  ( 21.01876208290994086, 249.2170574617713612, -144.9024464468014912 ) ) ;
#672 = ORIENTED_EDGE ( 'NONE', *, *, #1081, .F. ) ;
#673 = FACE_OUTER_BOUND ( 'NONE', #1602, .T. ) ;
#674 = ORIENTED_EDGE ( 'NONE', *, *, #2626, .F. ) ;
#675 = CARTESIAN_POINT ( 'NONE',  ( 8.843059327922679458, 165.7802639959307953, -150.5390345060306174 ) ) ;
#676 = FACE_OUTER_BOUND ( 'NONE', #2279, .T. ) ;
#677 = CARTESIAN_POINT ( 'NONE',  ( -17.94687217609403262, 163.7709022693069869, -152.6429687041903378 ) ) ;
#678 = CARTESIAN_POINT ( 'NONE',  ( 30.85793039108171953, 145.3636350454232229, -189.7107606716253656 ) ) ;
#679 = VERTEX_POINT ( 'NONE', #678 ) ;
#680 = CARTESIAN_POINT ( 'NONE',  ( 11.40505042518211809, 168.0118791152480924, -190.0534824001383072 ) ) ;
#681 = CARTESIAN_POINT ( 'NONE',  ( -25.72381415927067749, 146.4693813061060155, -180.0018454513990207 ) ) ;
#682 = VERTEX_POINT ( 'NONE', #1205 ) ;
#683 = CARTESIAN_POINT ( 'NONE',  ( -25.27894940382598676, 146.0888378752060817, -142.9146938730559668 ) ) ;
#684 = EDGE_CURVE ( 'NONE', #110, #1160, #2151, .T. ) ;
#685 = CIRCLE ( 'NONE', #338, 0.9999999999999953371 ) ;
#686 = ORIENTED_EDGE ( 'NONE', *, *, #630, .F. ) ;
#687 = CARTESIAN_POINT ( 'NONE',  ( 21.01876208290994086, 218.8988752241916131, -133.4921568220712516 ) ) ;
#688 = ORIENTED_EDGE ( 'NONE', *, *, #529, .F. ) ;
#689 = DIRECTION ( 'NONE',  ( -0.004944046975061859063, 0.01088478573707893880, 0.9999285363659576875 ) ) ;
#690 = AXIS2_PLACEMENT_3D ( 'NONE', #934, #515, #229 ) ;
#691 = LINE ( 'NONE', #2181, #2471 ) ;
#692 = CARTESIAN_POINT ( 'NONE',  ( -18.94718251488734140, 161.9804397673821086, -152.2606540666815249 ) ) ;
#693 = CYLINDRICAL_SURFACE ( 'NONE', #1544, 1.999999999999990896 ) ;
#694 = AXIS2_PLACEMENT_3D ( 'NONE', #343, #3000, #1265 ) ;
#695 = VERTEX_POINT ( 'NONE', #2184 ) ;
#696 = CARTESIAN_POINT ( 'NONE',  ( 22.73186822949302410, 161.7211095606052993, -154.9264981001840908 ) ) ;
#697 = SURFACE_STYLE_FILL_AREA ( #258 ) ;
#698 = VECTOR ( 'NONE', #1452, 1000.000000000000227 ) ;
#699 = AXIS2_PLACEMENT_3D ( 'NONE', #1846, #2300, #606 ) ;
#700 = ORIENTED_EDGE ( 'NONE', *, *, #2117, .T. ) ;
#701 = CARTESIAN_POINT ( 'NONE',  ( 20.21013720674767100, 160.4100992932636700, -150.5228091501706444 ) ) ;
#702 = CIRCLE ( 'NONE', #1910, 1.000000000000002220 ) ;
#703 = EDGE_CURVE ( 'NONE', #328, #2507, #1424, .T. ) ;
#704 = ORIENTED_EDGE ( 'NONE', *, *, #65, .F. ) ;
#705 = DIRECTION ( 'NONE',  ( -0.004944046975061859063, 0.01088478573707893880, 0.9999285363659576875 ) ) ;
#706 = AXIS2_PLACEMENT_3D ( 'NONE', #71, #2539, #1343 ) ;
#707 = CARTESIAN_POINT ( 'NONE',  ( 12.71986649261827829, 166.1330867345264721, -190.0265297090914487 ) ) ;
#708 = DIRECTION ( 'NONE',  ( 0.004645884459284523905, -0.3522282340390552879, -0.9359026054581318643 ) ) ;
#709 = CARTESIAN_POINT ( 'NONE',  ( -19.83756042636193229, 160.5140338138135405, -140.9748864329407070 ) ) ;
#710 = ADVANCED_FACE ( 'NONE', ( #1219 ), #1992, .F. ) ;
#711 = CARTESIAN_POINT ( 'NONE',  ( 27.86693046248285910, 150.7320953674943382, -155.8894443265699010 ) ) ;
#712 = CARTESIAN_POINT ( 'NONE',  ( -10.59468069356960207, 168.0106951731542324, -190.1622449898420086 ) ) ;
#713 = ORIENTED_EDGE ( 'NONE', *, *, #1896, .F. ) ;
#714 = CARTESIAN_POINT ( 'NONE',  ( 22.72116694178845009, 199.0942830611251395, -155.9364959639795813 ) ) ;
#715 = VERTEX_POINT ( 'NONE', #712 ) ;
#716 = CARTESIAN_POINT ( 'NONE',  ( 27.14192894696308045, 150.7353277228897070, -155.5925046826951643 ) ) ;
#717 = ORIENTED_EDGE ( 'NONE', *, *, #3013, .T. ) ;
#718 = LINE ( 'NONE', #498, #698 ) ;
#719 = DIRECTION ( 'NONE',  ( 0.000000000000000000, 0.9999407575168364204, -0.01088491877119496416 ) ) ;
#720 = CARTESIAN_POINT ( 'NONE',  ( 26.16908949806548534, 145.4177024810728653, -189.0167694017662825 ) ) ;
#721 = ORIENTED_EDGE ( 'NONE', *, *, #1800, .F. ) ;
#722 = CARTESIAN_POINT ( 'NONE',  ( 11.16581497938801526, 238.6235807216768876, -170.8707631156796936 ) ) ;
#723 = EDGE_CURVE ( 'NONE', #455, #77, #3025, .T. ) ;
#724 = EDGE_CURVE ( 'NONE', #1287, #2996, #640, .T. ) ;
#725 = CARTESIAN_POINT ( 'NONE',  ( -20.32873264076158293, 161.0125148232023946, -152.6315148239249027 ) ) ;
#726 = ORIENTED_EDGE ( 'NONE', *, *, #2375, .F. ) ;
#727 = DIRECTION ( 'NONE',  ( 0.000000000000000000, 0.9359127059959955197, -0.3522320353903848900 ) ) ;
#728 = VERTEX_POINT ( 'NONE', #1412 ) ;
#729 = CARTESIAN_POINT ( 'NONE',  ( 26.70310916771574838, 150.7249624775970744, -156.5447057466335821 ) ) ;
#730 = VERTEX_POINT ( 'NONE', #2696 ) ;
#731 = CARTESIAN_POINT ( 'NONE',  ( -26.92361836816657927, 150.7253458586918100, -156.5094865231855579 ) ) ;
#732 = CARTESIAN_POINT ( 'NONE',  ( 4.223490478895797651, 164.7311590494826135, -156.0516556708812175 ) ) ;
#733 = AXIS2_PLACEMENT_3D ( 'NONE', #1420, #2191, #2406 ) ;
#734 = CARTESIAN_POINT ( 'NONE',  ( -17.78988499595639894, 164.0433555889051433, -152.6519297094164074 ) ) ;
#735 = CARTESIAN_POINT ( 'NONE',  ( -8.349858330050683008, 165.7984623516908300, -150.6242412729584714 ) ) ;
#736 = EDGE_CURVE ( 'NONE', #33, #261, #160, .T. ) ;
#737 = ORIENTED_EDGE ( 'NONE', *, *, #1488, .T. ) ;
#738 = CARTESIAN_POINT ( 'NONE',  ( 22.67057724397498930, 175.2152202820822993, -142.6758799480598441 ) ) ;
#739 = VERTEX_POINT ( 'NONE', #1188 ) ;
#740 = CARTESIAN_POINT ( 'NONE',  ( 28.14371949643377846, 150.7330518668050274, -155.8015757199784161 ) ) ;
#741 = ORIENTED_EDGE ( 'NONE', *, *, #2685, .F. ) ;
#742 = FACE_OUTER_BOUND ( 'NONE', #2185, .T. ) ;
#743 = LINE ( 'NONE', #279, #1886 ) ;
#744 = CIRCLE ( 'NONE', #92, 1.999999999999990896 ) ;
#745 =( NAMED_UNIT ( * ) SI_UNIT ( $, .STERADIAN. ) SOLID_ANGLE_UNIT ( ) );
#746 = ORIENTED_EDGE ( 'NONE', *, *, #757, .F. ) ;
#747 = CARTESIAN_POINT ( 'NONE',  ( -18.97475726999168799, 161.9297516273027497, -152.2401338357230998 ) ) ;
#748 = CIRCLE ( 'NONE', #2686, 31.99999999999998934 ) ;
#749 = CARTESIAN_POINT ( 'NONE',  ( -8.842008555182196972, 167.7125137167939499, -152.6476531261533864 ) ) ;
#750 = DIRECTION ( 'NONE',  ( 0.004944046975061859930, -0.01088478573707842186, -0.9999285363659576875 ) ) ;
#751 = ORIENTED_EDGE ( 'NONE', *, *, #753, .T. ) ;
#752 = DIRECTION ( 'NONE',  ( 0.000000000000000000, -0.01088491877119481498, -0.9999407575168363094 ) ) ;
#753 = EDGE_CURVE ( 'NONE', #577, #2813, #1671, .T. ) ;
#754 = VERTEX_POINT ( 'NONE', #1967 ) ;
#755 = CARTESIAN_POINT ( 'NONE',  ( 28.18913698283358471, 150.7434584738794570, -154.8455749657107106 ) ) ;
#756 = ADVANCED_FACE ( 'NONE', ( #3146 ), #693, .F. ) ;
#757 = EDGE_CURVE ( 'NONE', #497, #870, #1923, .T. ) ;
#758 = VERTEX_POINT ( 'NONE', #3125 ) ;
#759 = CARTESIAN_POINT ( 'NONE',  ( -27.66951779564312375, 150.7300489552950751, -156.0774375498316715 ) ) ;
#760 = CARTESIAN_POINT ( 'NONE',  ( 0.2420313156291974133, 164.7200685162958393, -157.0704851531207851 ) ) ;
#761 = ORIENTED_EDGE ( 'NONE', *, *, #492, .T. ) ;
#762 = CARTESIAN_POINT ( 'NONE',  ( -19.44139270395334407, 161.0604595543389337, -151.7480046927025228 ) ) ;
#763 = CARTESIAN_POINT ( 'NONE',  ( 11.37538614333170806, 162.4768452003818879, -183.9929482957391258 ) ) ;
#764 = CARTESIAN_POINT ( 'NONE',  ( -30.28328269535915851, 151.1741021339339568, -185.0545381292853904 ) ) ;
#765 = VERTEX_POINT ( 'NONE', #505 ) ;
#766 = DIRECTION ( 'NONE',  ( -0.000000000000000000, -0.9359127059959950756, 0.3522320353903858892 ) ) ;
#767 = ORIENTED_EDGE ( 'NONE', *, *, #367, .F. ) ;
#768 = FACE_OUTER_BOUND ( 'NONE', #2486, .T. ) ;
#769 = CARTESIAN_POINT ( 'NONE',  ( -19.78986055221012563, 160.4090180418261014, -150.6221380844833675 ) ) ;
#770 = ORIENTED_EDGE ( 'NONE', *, *, #525, .T. ) ;
#771 = CARTESIAN_POINT ( 'NONE',  ( -26.73911404662054281, 150.7194458881435821, -157.0514860679959384 ) ) ;
#772 = EDGE_CURVE ( 'NONE', #1960, #1359, #2571, .T. ) ;
#773 = EDGE_CURVE ( 'NONE', #1720, #2343, #255, .T. ) ;
#774 = CARTESIAN_POINT ( 'NONE',  ( -10.64270902404197194, 167.7510801086490346, -184.3872767460887871 ) ) ;
#775 = VERTEX_POINT ( 'NONE', #2918 ) ;
#776 = CARTESIAN_POINT ( 'NONE',  ( -18.97749465640842814, 161.9247138397822994, -152.2380636860344794 ) ) ;
#777 = CIRCLE ( 'NONE', #390, 1.000000000000002220 ) ;
#778 = PLANE ( 'NONE',  #1895 ) ;
#779 = CARTESIAN_POINT ( 'NONE',  ( -22.26460016097723482, 199.0918620977499813, -156.1588972516815090 ) ) ;
#780 = ORIENTED_EDGE ( 'NONE', *, *, #1824, .T. ) ;
#781 = FACE_OUTER_BOUND ( 'NONE', #1003, .T. ) ;
#782 = CARTESIAN_POINT ( 'NONE',  ( 26.40556621235624135, 151.1465232243495223, -156.7933664714542772 ) ) ;
#783 = AXIS2_PLACEMENT_3D ( 'NONE', #443, #3064, #397 ) ;
#784 = ORIENTED_EDGE ( 'NONE', *, *, #347, .F. ) ;
#785 = CARTESIAN_POINT ( 'NONE',  ( 19.93099847493036947, 160.9502372020740211, -151.4585624344209975 ) ) ;
#786 = CYLINDRICAL_SURFACE ( 'NONE', #203, 1.999999999999990896 ) ;
#787 = ORIENTED_EDGE ( 'NONE', *, *, #3114, .F. ) ;
#788 = CARTESIAN_POINT ( 'NONE',  ( -26.22024586657727951, 150.7194738116612598, -157.0489208799637595 ) ) ;
#789 = DIRECTION ( 'NONE',  ( 0.000000000000000000, 0.9999407575168364204, -0.01088491877119459640 ) ) ;
#790 = ADVANCED_FACE ( 'NONE', ( #1698 ), #2681, .F. ) ;
#791 = CARTESIAN_POINT ( 'NONE',  ( -19.69708092428986390, 160.5780015839499129, -151.2163237721067901 ) ) ;
#792 = AXIS2_PLACEMENT_3D ( 'NONE', #1113, #416, #3065 ) ;
#793 = ADVANCED_FACE ( 'NONE', ( #810 ), #534, .F. ) ;
#794 = CARTESIAN_POINT ( 'NONE',  ( -22.28276966734131648, 191.9213155608252350, -153.4603423853528739 ) ) ;
#795 = CARTESIAN_POINT ( 'NONE',  ( 31.26572501294533879, 150.8836959624425162, -155.2306675767243007 ) ) ;
#796 = ORIENTED_EDGE ( 'NONE', *, *, #321, .F. ) ;
#797 = CARTESIAN_POINT ( 'NONE',  ( -30.15910963348331109, 147.6058244454820567, -167.4729679715435964 ) ) ;
#798 = AXIS2_PLACEMENT_3D ( 'NONE', #1247, #2229, #565 ) ;
#799 =( BOUNDED_SURFACE ( )  B_SPLINE_SURFACE ( 3, 2, ( 
 ( #1178, #1958, #2419 ),
 ( #929, #755, #243 ),
 ( #1195, #2925, #740 ),
 ( #260, #2173, #2941 ),
 ( #2702, #1706, #2688 ),
 ( #946, #1210, #524 ),
 ( #211, #2157, #1432 ),
 ( #2188, #716, #1676 ),
 ( #16, #1913, #1448 ),
 ( #1417, #2, #3131 ),
 ( #495, #2876, #2659 ),
 ( #975, #2435, #2895 ),
 ( #479, #729, #276 ),
 ( #963, #1691, #1224 ) ),
 .UNSPECIFIED., .F., .F., .T. ) 
 B_SPLINE_SURFACE_WITH_KNOTS ( ( 4, 2, 2, 2, 2, 2, 4 ),
 ( 3, 3 ),
 ( 0.000000000000000000, 0.0004321859452308875627, 0.0006482789178463313441, 0.0008643718904617751254, 0.001080464863077218798, 0.001296557835692662688, 0.001728743780923550251 ),
 ( 0.000000000000000000, 1.000000000000000000 ),
 .UNSPECIFIED. ) 
 GEOMETRIC_REPRESENTATION_ITEM ( )  RATIONAL_B_SPLINE_SURFACE ( (
 ( 1.000000000000000000, 0.7071067811865460184, 1.000000000000000000),
 ( 1.000000000000000000, 0.7310723968077837975, 1.000000000000000000),
 ( 1.000000000000000000, 0.7534328275478139325, 1.000000000000000000),
 ( 1.000000000000000000, 0.7850388829416597991, 1.000000000000000000),
 ( 1.000000000000000000, 0.7952513053068112070, 1.000000000000000000),
 ( 1.000000000000000000, 0.8142694955134414103, 1.000000000000000000),
 ( 1.000000000000000000, 0.8231849743198138558, 1.000000000000000000),
 ( 1.000000000000000000, 0.8398308076568572478, 1.000000000000000000),
 ( 1.000000000000000000, 0.8476370518435224488, 1.000000000000000000),
 ( 1.000000000000000000, 0.8613276495906919683, 1.000000000000000000),
 ( 1.000000000000000000, 0.8672766291835413144, 1.000000000000000000),
 ( 1.000000000000000000, 0.8821879874341157501, 1.000000000000000000),
 ( 1.000000000000000000, 0.8875974351359399162, 1.000000000000000000),
 ( 1.000000000000000000, 0.8876253645985940910, 1.000000000000000000) ) ) 
 REPRESENTATION_ITEM ( '' )  SURFACE ( )  );
#800 = DIRECTION ( 'NONE',  ( 0.000000000000000000, 0.9999407575168364204, -0.01088491877119459640 ) ) ;
#801 = ORIENTED_EDGE ( 'NONE', *, *, #263, .F. ) ;
#802 = CARTESIAN_POINT ( 'NONE',  ( 20.12753980312379554, 160.5708056928726251, -151.0033517159726557 ) ) ;
#803 = LINE ( 'NONE', #2253, #1248 ) ;
#804 = DIRECTION ( 'NONE',  ( 0.004944046975061859930, -0.01088478573707893360, -0.9999285363659575765 ) ) ;
#805 = VERTEX_POINT ( 'NONE', #1558 ) ;
#806 = CARTESIAN_POINT ( 'NONE',  ( -26.59502282686868924, 150.7314063792763932, -155.9527380831996197 ) ) ;
#807 = CARTESIAN_POINT ( 'NONE',  ( -10.77715211293757491, 167.2778648567920072, -184.7049460089973536 ) ) ;
#808 = VERTEX_POINT ( 'NONE', #794 ) ;
#809 = CARTESIAN_POINT ( 'NONE',  ( -19.78889085522720137, 160.4068831624566087, -150.8182583256049725 ) ) ;
#810 = FACE_OUTER_BOUND ( 'NONE', #2545, .T. ) ;
#811 = CARTESIAN_POINT ( 'NONE',  ( 30.93176801011840737, 195.6812906019755758, -155.2556302256833192 ) ) ;
#812 = ORIENTED_EDGE ( 'NONE', *, *, #2192, .F. ) ;
#813 = EDGE_CURVE ( 'NONE', #2055, #569, #554, .T. ) ;
#814 = EDGE_CURVE ( 'NONE', #1333, #2267, #2230, .T. ) ;
#815 = DIRECTION ( 'NONE',  ( 0.000000000000000000, -0.9999407575168364204, 0.01088491877118685260 ) ) ;
#816 = ORIENTED_EDGE ( 'NONE', *, *, #2237, .T. ) ;
#817 = CARTESIAN_POINT ( 'NONE',  ( 18.93557796717238517, 162.7992799487771549, -152.3244034397293376 ) ) ;
#818 = CARTESIAN_POINT ( 'NONE',  ( -25.93672527615920487, 151.1507035103254850, -156.7827628054057243 ) ) ;
#819 = CARTESIAN_POINT ( 'NONE',  ( -17.78988499595639894, 164.0433555889051433, -152.6519297094164074 ) ) ;
#820 = EDGE_LOOP ( 'NONE', ( #1356, #1787, #2765, #1063 ) ) ;
#821 = CARTESIAN_POINT ( 'NONE',  ( -22.30135320517845443, 193.3302284969814764, -149.7167319635202887 ) ) ;
#822 = CARTESIAN_POINT ( 'NONE',  ( -22.33185439681080808, 171.7993640993250040, -142.2580895724666163 ) ) ;
#823 = FACE_OUTER_BOUND ( 'NONE', #2085, .T. ) ;
#824 = CARTESIAN_POINT ( 'NONE',  ( -26.57596049644362068, 151.3601887163370918, -190.0600126868208406 ) ) ;
#825 = ORIENTED_EDGE ( 'NONE', *, *, #2515, .T. ) ;
#826 = DIRECTION ( 'NONE',  ( 0.004944046975061859063, -0.01088478573707893186, -0.9999285363659575765 ) ) ;
#827 = CARTESIAN_POINT ( 'NONE',  ( -5.693622742445364260, 168.5780064384831860, -170.1427583254047704 ) ) ;
#828 = EDGE_CURVE ( 'NONE', #2457, #1904, #2523, .T. ) ;
#829 = ORIENTED_EDGE ( 'NONE', *, *, #1839, .F. ) ;
#830 = CARTESIAN_POINT ( 'NONE',  ( 18.84443822022841530, 162.9630369877804128, -152.3587698981729659 ) ) ;
#831 = DIRECTION ( 'NONE',  ( 2.006394976986768959E-16, 0.9999407575168361983, -0.01088491877119504396 ) ) ;
#832 = CARTESIAN_POINT ( 'NONE',  ( 21.14879742104342597, 239.3584142013052087, -171.0977625006800338 ) ) ;
#833 = VERTEX_POINT ( 'NONE', #351 ) ;
#834 = CARTESIAN_POINT ( 'NONE',  ( -27.66951779409294687, 150.7300489553993259, -156.0774375402515375 ) ) ;
#835 = DIRECTION ( 'NONE',  ( -0.004645884459284533446, 0.3522282340390545108, 0.9359026054581320864 ) ) ;
#836 = CIRCLE ( 'NONE', #694, 9.999999999999992895 ) ;
#837 = ORIENTED_EDGE ( 'NONE', *, *, #2155, .T. ) ;
#838 = DIRECTION ( 'NONE',  ( 0.004943754084600977122, -8.326672684688680364E-15, -0.9999877795731061392 ) ) ;
#839 = AXIS2_PLACEMENT_3D ( 'NONE', #1603, #1646, #454 ) ;
#840 = CYLINDRICAL_SURFACE ( 'NONE', #783, 1.700000000000017275 ) ;
#841 = TOROIDAL_SURFACE ( 'NONE', #995, 34.00000000000000000, 2.000000000000000000 ) ;
#842 = ORIENTED_EDGE ( 'NONE', *, *, #3017, .T. ) ;
#843 = LINE ( 'NONE', #861, #1858 ) ;
#844 = AXIS2_PLACEMENT_3D ( 'NONE', #1744, #1477, #1267 ) ;
#845 = DIRECTION ( 'NONE',  ( 0.000000000000000000, 0.9999407575168363094, -0.01088491877119480804 ) ) ;
#846 = VECTOR ( 'NONE', #461, 1000.000000000000227 ) ;
#847 = ORIENTED_EDGE ( 'NONE', *, *, #2294, .T. ) ;
#848 = CARTESIAN_POINT ( 'NONE',  ( 20.17060779866232778, 175.2150857432080500, -142.6882393332534491 ) ) ;
#849 = CARTESIAN_POINT ( 'NONE',  ( -7.930214617062619098, 165.3680376377884329, -155.1450408877482516 ) ) ;
#850 = EDGE_CURVE ( 'NONE', #1641, #1300, #1298, .T. ) ;
#851 = CARTESIAN_POINT ( 'NONE',  ( -30.65058378278995832, 209.0578955909580259, -159.9512562727718148 ) ) ;
#852 = CIRCLE ( 'NONE', #706, 3.999999999999999112 ) ;
#853 = ORIENTED_EDGE ( 'NONE', *, *, #2649, .F. ) ;
#854 = CARTESIAN_POINT ( 'NONE',  ( 11.35466508841354560, 162.9455813210234112, -179.8067416091139989 ) ) ;
#855 = DIRECTION ( 'NONE',  ( -5.834362857868974630E-18, -0.9999407575168361983, 0.01088491877119495549 ) ) ;
#856 = EDGE_CURVE ( 'NONE', #2533, #1545, #1316, .T. ) ;
#857 = ADVANCED_FACE ( 'NONE', ( #2742 ), #2295, .F. ) ;
#858 = VERTEX_POINT ( 'NONE', #1792 ) ;
#859 = DIRECTION ( 'NONE',  ( 0.004944046975061859063, -0.01088478573707893880, -0.9999285363659576875 ) ) ;
#860 = CYLINDRICAL_SURFACE ( 'NONE', #2110, 1.999999999999990896 ) ;
#861 = CARTESIAN_POINT ( 'NONE',  ( -19.77997245825998363, 192.9692060557244133, -152.9766681306462033 ) ) ;
#862 = DIRECTION ( 'NONE',  ( 0.000000000000000000, 0.9999407575168363094, -0.01088491877120073038 ) ) ;
#863 = ORIENTED_EDGE ( 'NONE', *, *, #1314, .T. ) ;
#864 = LINE ( 'NONE', #1876, #1095 ) ;
#865 = CARTESIAN_POINT ( 'NONE',  ( -22.26758178613500405, 161.7186878608678171, -155.1489670336689528 ) ) ;
#866 = ORIENTED_EDGE ( 'NONE', *, *, #1835, .T. ) ;
#867 = CARTESIAN_POINT ( 'NONE',  ( -25.35694108269216329, 146.0338775199969916, -142.8708142945247630 ) ) ;
#868 = EDGE_CURVE ( 'NONE', #911, #467, #2022, .T. ) ;
#869 = EDGE_CURVE ( 'NONE', #2358, #377, #136, .T. ) ;
#870 = VERTEX_POINT ( 'NONE', #1030 ) ;
#871 = LINE ( 'NONE', #181, #400 ) ;
#872 = CYLINDRICAL_SURFACE ( 'NONE', #3093, 9.999999999999992895 ) ;
#873 = DIRECTION ( 'NONE',  ( -0.004944046975061859930, 0.01088478573707840798, 0.9999285363659576875 ) ) ;
#874 = CARTESIAN_POINT ( 'NONE',  ( -26.60562477829399342, 151.4254974307595489, -184.0604414686250720 ) ) ;
#875 = CARTESIAN_POINT ( 'NONE',  ( 30.62061613627887269, 145.8861047608027377, -141.7141909260823809 ) ) ;
#876 = ORIENTED_EDGE ( 'NONE', *, *, #2177, .T. ) ;
#877 = DIRECTION ( 'NONE',  ( 0.000000000000000000, 0.9999407575168364204, -0.01088491877119461201 ) ) ;
#878 = CARTESIAN_POINT ( 'NONE',  ( -19.83188495149813946, 160.5015387205912987, -142.1227455253728067 ) ) ;
#879 = CIRCLE ( 'NONE', #1998, 35.94690529099829490 ) ;
#880 = ORIENTED_EDGE ( 'NONE', *, *, #1683, .T. ) ;
#881 = CARTESIAN_POINT ( 'NONE',  ( 11.35501502485006320, 163.0613501829054144, -179.8787844977782981 ) ) ;
#882 = DIRECTION ( 'NONE',  ( 0.000000000000000000, 0.9999407575168363094, -0.01088491877119511508 ) ) ;
#883 = VECTOR ( 'NONE', #2071, 1000.000000000000114 ) ;
#884 = ORIENTED_EDGE ( 'NONE', *, *, #1878, .F. ) ;
#885 = DIRECTION ( 'NONE',  ( 1.000000000000000000, 8.531256904833195040E-16, -9.286754012891882187E-18 ) ) ;
#886 = DIRECTION ( 'NONE',  ( -0.9999877781250672282, -5.381554972452630176E-05, -0.004943754077442180130 ) ) ;
#887 = ADVANCED_FACE ( 'NONE', ( #2281 ), #778, .F. ) ;
#888 = CYLINDRICAL_SURFACE ( 'NONE', #3126, 9.999999999999992895 ) ;
#889 = DIRECTION ( 'NONE',  ( 0.004943754084600615432, 0.000000000000000000, -0.9999877795731060282 ) ) ;
#890 = ADVANCED_FACE ( 'NONE', ( #581 ), #1741, .T. ) ;
#891 = CARTESIAN_POINT ( 'NONE',  ( -0.7531475826261222473, 164.7227197861191428, -156.8269268123425491 ) ) ;
#892 = ORIENTED_EDGE ( 'NONE', *, *, #342, .F. ) ;
#893 = DIRECTION ( 'NONE',  ( -0.004645884459284523905, 0.3522282340390578415, 0.9359026054581307541 ) ) ;
#894 = CIRCLE ( 'NONE', #2218, 9.999999999999992895 ) ;
#895 = DIRECTION ( 'NONE',  ( 0.000000000000000000, 0.9999407575168361983, -0.01088491877119481151 ) ) ;
#896 = AXIS2_PLACEMENT_3D ( 'NONE', #2984, #2964, #1542 ) ;
#897 = ORIENTED_EDGE ( 'NONE', *, *, #221, .F. ) ;
#898 = CYLINDRICAL_SURFACE ( 'NONE', #453, 1.000000000000002220 ) ;
#899 = CARTESIAN_POINT ( 'NONE',  ( -23.04056783952696108, 160.3329567849406203, -142.1367754286784475 ) ) ;
#900 = AXIS2_PLACEMENT_3D ( 'NONE', #2810, #886, #838 ) ;
#901 = VERTEX_POINT ( 'NONE', #333 ) ;
#902 = CARTESIAN_POINT ( 'NONE',  ( 20.16762617350455145, 171.8016512601882368, -142.0479800241752457 ) ) ;
#903 = VERTEX_POINT ( 'NONE', #763 ) ;
#904 = CARTESIAN_POINT ( 'NONE',  ( -8.514783356512717560, 165.8571603474048004, -151.2820775292116764 ) ) ;
#905 = LINE ( 'NONE', #1841, #134 ) ;
#906 = DIRECTION ( 'NONE',  ( -0.004645884459284523905, 0.3522282340390552879, 0.9359026054581318643 ) ) ;
#907 = FACE_OUTER_BOUND ( 'NONE', #2207, .T. ) ;
#908 = LINE ( 'NONE', #1393, #3122 ) ;
#909 = EDGE_CURVE ( 'NONE', #2413, #682, #106, .T. ) ;
#910 = EDGE_CURVE ( 'NONE', #395, #1262, #1725, .T. ) ;
#911 = VERTEX_POINT ( 'NONE', #2346 ) ;
#912 = CYLINDRICAL_SURFACE ( 'NONE', #2066, 10.00000000000000355 ) ;
#913 = DIRECTION ( 'NONE',  ( 0.000000000000000000, 0.9359127059959955197, -0.3522320353903848900 ) ) ;
#914 = ORIENTED_EDGE ( 'NONE', *, *, #1821, .F. ) ;
#915 = DIRECTION ( 'NONE',  ( 0.004944046975061859930, -0.01088478573707893707, -0.9999285363659576875 ) ) ;
#916 = ORIENTED_EDGE ( 'NONE', *, *, #1857, .F. ) ;
#917 = LINE ( 'NONE', #687, #2322 ) ;
#918 = ORIENTED_EDGE ( 'NONE', *, *, #856, .F. ) ;
#919 = DIRECTION ( 'NONE',  ( 0.004944046975061859063, -0.01088478573707893533, -0.9999285363659576875 ) ) ;
#920 =( LENGTH_UNIT ( ) NAMED_UNIT ( * ) SI_UNIT ( .MILLI., .METRE. ) );
#921 = DIRECTION ( 'NONE',  ( 0.9999877781250670061, 5.381554972483313775E-05, 0.004943754077441517465 ) ) ;
#922 = LINE ( 'NONE', #663, #178 ) ;
#923 = ORIENTED_EDGE ( 'NONE', *, *, #2061, .F. ) ;
#924 = LINE ( 'NONE', #1443, #652 ) ;
#925 = PRODUCT_RELATED_PRODUCT_CATEGORY ( 'part', '', ( #2234 ) ) ;
#926 = EDGE_CURVE ( 'NONE', #739, #526, #2310, .T. ) ;
#927 = AXIS2_PLACEMENT_3D ( 'NONE', #2720, #2755, #2047 ) ;
#928 = ORIENTED_EDGE ( 'NONE', *, *, #1406, .T. ) ;
#929 = CARTESIAN_POINT ( 'NONE',  ( 28.18062814787862536, 151.6763159190182364, -154.7902140092734555 ) ) ;
#930 = AXIS2_PLACEMENT_3D ( 'NONE', #1114, #1859, #2829 ) ;
#931 = EDGE_CURVE ( 'NONE', #2645, #1461, #2794, .T. ) ;
#932 = ORIENTED_EDGE ( 'NONE', *, *, #2276, .F. ) ;
#933 = CARTESIAN_POINT ( 'NONE',  ( -30.28487491427254596, 147.8827085732946216, -142.0370662134176882 ) ) ;
#934 = CARTESIAN_POINT ( 'NONE',  ( -26.12263060835250172, 179.9618930824281335, -184.6771473472680896 ) ) ;
#935 = FACE_OUTER_BOUND ( 'NONE', #2340, .T. ) ;
#936 = VECTOR ( 'NONE', #1789, 1000.000000000000227 ) ;
#937 = CARTESIAN_POINT ( 'NONE',  ( -26.60068073131893840, 151.4146126450224870, -185.0603700049910572 ) ) ;
#938 = ORIENTED_EDGE ( 'NONE', *, *, #1951, .F. ) ;
#939 = CARTESIAN_POINT ( 'NONE',  ( -11.38060281767717186, 162.9924645188212367, -185.1111472904931645 ) ) ;
#940 = CARTESIAN_POINT ( 'NONE',  ( 20.21706664325517977, 171.6928034028174466, -152.0472653878348126 ) ) ;
#941 = ORIENTED_EDGE ( 'NONE', *, *, #724, .F. ) ;
#942 = DIRECTION ( 'NONE',  ( -0.9999877781250670061, -5.381554971650709526E-05, -0.004943754077435519659 ) ) ;
#943 = APPLICATION_PROTOCOL_DEFINITION ( 'draft international standard', 'automotive_design', 1998, #2246 ) ;
#944 = AXIS2_PLACEMENT_3D ( 'NONE', #2032, #2273, #2739 ) ;
#945 = VERTEX_POINT ( 'NONE', #2556 ) ;
#946 = CARTESIAN_POINT ( 'NONE',  ( 27.26335729374648409, 151.4143101178040638, -155.1486844913533787 ) ) ;
#947 = ADVANCED_FACE ( 'NONE', ( #1826 ), #888, .T. ) ;
#948 = AXIS2_PLACEMENT_3D ( 'NONE', #874, #3015, #2361 ) ;
#949 = B_SPLINE_CURVE_WITH_KNOTS ( 'NONE', 3,
 ( #1123, #597, #1791, #1165, #483, #1620, #250, #2868, #1009, #2359, #2885, #660, #3092, #675 ),
 .UNSPECIFIED., .F., .F.,
 ( 4, 2, 2, 2, 2, 2, 4 ),
 ( 0.000000000000000000, 0.0004004731693607321841, 0.0008009463387214643681, 0.001601892677442891873, 0.002402839016164319379, 0.002803312185525021639, 0.003203785354885723899 ),
 .UNSPECIFIED. ) ;
#950 = ORIENTED_EDGE ( 'NONE', *, *, #981, .F. ) ;
#951 = CARTESIAN_POINT ( 'NONE',  ( -25.67664622055297130, 145.3655958826320784, -189.5306287767359379 ) ) ;
#952 = EDGE_CURVE ( 'NONE', #2525, #730, #2673, .T. ) ;
#953 = ADVANCED_FACE ( 'NONE', ( #135, #2796, #3094 ), #2615, .F. ) ;
#954 = CARTESIAN_POINT ( 'NONE',  ( 26.41995575332992985, 145.8825413643393745, -142.0415415874724374 ) ) ;
#955 = CARTESIAN_POINT ( 'NONE',  ( 26.48247089009937838, 145.3684028884993893, -189.2727637772505886 ) ) ;
#956 = CIRCLE ( 'NONE', #2333, 28.59999999999998366 ) ;
#957 = CARTESIAN_POINT ( 'NONE',  ( 0.1678706110031578380, 145.8844659095318548, -141.8647436509788520 ) ) ;
#958 = CARTESIAN_POINT ( 'NONE',  ( -18.22626644604617852, 163.2801939642398281, -152.5960972837301028 ) ) ;
#959 = CARTESIAN_POINT ( 'NONE',  ( -12.61937648469504580, 168.0650114707401883, -185.1724898161671433 ) ) ;
#960 = ORIENTED_EDGE ( 'NONE', *, *, #1648, .F. ) ;
#961 = CARTESIAN_POINT ( 'NONE',  ( 30.62061613627886203, 147.8859862758364159, -141.7359607636247461 ) ) ;
#962 = VERTEX_POINT ( 'NONE', #3029 ) ;
#963 = CARTESIAN_POINT ( 'NONE',  ( 26.40556621235621648, 151.1465232243495507, -156.7933664714542488 ) ) ;
#964 = EDGE_LOOP ( 'NONE', ( #672, #1402, #1567, #48 ) ) ;
#965 = CARTESIAN_POINT ( 'NONE',  ( -19.79315643524942203, 194.9981133396102564, -150.3319918601669372 ) ) ;
#966 = CARTESIAN_POINT ( 'NONE',  ( 11.14723144155088974, 240.0324936578331290, -167.1271526938471936 ) ) ;
#967 = ADVANCED_FACE ( 'NONE', ( #2568, #676 ), #840, .F. ) ;
#968 = ORIENTED_EDGE ( 'NONE', *, *, #1914, .F. ) ;
#969 = CARTESIAN_POINT ( 'NONE',  ( -18.39238077392274917, 162.9850961415363031, -152.5474979327286462 ) ) ;
#970 = DIRECTION ( 'NONE',  ( -0.9999877781250670061, -5.381554972444995360E-05, -0.004943754077442179262 ) ) ;
#971 = ORIENTED_EDGE ( 'NONE', *, *, #2976, .T. ) ;
#972 = LINE ( 'NONE', #738, #1959 ) ;
#973 = CARTESIAN_POINT ( 'NONE',  ( 0.000000000000000000, 0.000000000000000000, 0.000000000000000000 ) ) ;
#974 = VERTEX_POINT ( 'NONE', #1345 ) ;
#975 = CARTESIAN_POINT ( 'NONE',  ( 26.46902932805680919, 151.1722841095040906, -156.2131645350812903 ) ) ;
#976 = VERTEX_POINT ( 'NONE', #1326 ) ;
#977 = CARTESIAN_POINT ( 'NONE',  ( -10.64906521029528186, 162.5300851869733378, -179.1020682036130722 ) ) ;
#978 = DIRECTION ( 'NONE',  ( -0.004944046975061859930, 0.01088478573707842186, 0.9999285363659576875 ) ) ;
#979 = DIRECTION ( 'NONE',  ( -0.004645884459284523905, 0.3522282340390552879, 0.9359026054581318643 ) ) ;
#980 = DIRECTION ( 'NONE',  ( 0.000000000000000000, -0.9999407575168364204, 0.01088491877119461201 ) ) ;
#981 = EDGE_CURVE ( 'NONE', #227, #2457, #2369, .T. ) ;
#982 = CARTESIAN_POINT ( 'NONE',  ( -19.85125416204476068, 160.3644551541251246, -150.6219565469165502 ) ) ;
#983 = CARTESIAN_POINT ( 'NONE',  ( -30.42475697314482375, 150.9425661962437175, -184.9639027067530890 ) ) ;
#984 = B_SPLINE_CURVE_WITH_KNOTS ( 'NONE', 3,
 ( #2910, #701, #1661, #226, #2644, #466, #2672, #2498, #96, #802, #2952, #325, #1306, #2529, #2968, #310, #1054, #3005, #785, #63, #340, #1008, #1288, #1479, #1749, #2716, #2750, #3019, #560, #1515, #2028, #540, #2286, #574, #2483, #2989, #1270, #2252, #817, #1257, #111, #830, #2239, #1784, #78, #2461, #1988, #289, #2766, #1973, #1495, #1036, #588, #2780, #2735, #2511, #2009 ),
 .UNSPECIFIED., .F., .F.,
 ( 4, 2, 2, 1, 1, 2, 2, 2, 1, 1, 1, 1, 2, 2, 2, 2, 1, 1, 1, 1, 2, 2, 2, 2, 1, 1, 1, 1, 2, 2, 2, 2, 1, 2, 2, 4 ),
 ( 0.000000000000000000, 0.06250000000046725124, 0.09375000000071109785, 0.1093750000008362894, 0.1171875000009021811, 0.1210937500009380829, 0.1250000000009739709, 0.1875000000013740953, 0.2187500000015738522, 0.2343750000016636970, 0.2421875000017083557, 0.2460937500017255641, 0.2480468750017338353, 0.2500000000017421065, 0.3750000000020587976, 0.4375000000022241098, 0.4687500000023070990, 0.4843750000023482882, 0.4921875000023746005, 0.4960937500023840929, 0.4980468750023864244, 0.5000000000023887559, 0.6250000000023614444, 0.6875000000023478997, 0.7187500000023325786, 0.7343750000023188118, 0.7421875000023183677, 0.7460937500023133717, 0.7480468750023062663, 0.7500000000022990498, 0.8125000000017288393, 0.8437500000014509505, 0.8593750000013125057, 0.8671875000012365664, 0.8750000000011606271, 1.000000000000000000 ),
 .UNSPECIFIED. ) ;
#985 = ORIENTED_EDGE ( 'NONE', *, *, #2235, .F. ) ;
#986 = LINE ( 'NONE', #2859, #2170 ) ;
#987 = ADVANCED_FACE ( 'NONE', ( #2840 ), #860, .F. ) ;
#988 = CARTESIAN_POINT ( 'NONE',  ( 10.27091316699546475, 220.5604186738192425, -164.0771095647922948 ) ) ;
#989 = ORIENTED_EDGE ( 'NONE', *, *, #403, .T. ) ;
#990 = CARTESIAN_POINT ( 'NONE',  ( -5.644182272694745706, 168.4691585811124241, -180.1420436890643941 ) ) ;
#991 = VECTOR ( 'NONE', #2148, 1000.000000000000114 ) ;
#992 = ORIENTED_EDGE ( 'NONE', *, *, #1840, .T. ) ;
#993 = CARTESIAN_POINT ( 'NONE',  ( -10.64424376465254696, 163.3110285799804444, -180.0858173014539716 ) ) ;
#994 = DIRECTION ( 'NONE',  ( -0.004944046975061859930, 0.01088478573707841665, 0.9999285363659575765 ) ) ;
#995 = AXIS2_PLACEMENT_3D ( 'NONE', #1796, #1239, #2221 ) ;
#996 = VECTOR ( 'NONE', #921, 1000.000000000000114 ) ;
#997 = ORIENTED_EDGE ( 'NONE', *, *, #264, .T. ) ;
#998 = CARTESIAN_POINT ( 'NONE',  ( -18.97136477670755994, 161.9359940420188479, -152.2426939375972381 ) ) ;
#999 = CIRCLE ( 'NONE', #1050, 35.94690529099829490 ) ;
#1000 = CARTESIAN_POINT ( 'NONE',  ( 20.20965057279254751, 194.9930097642211706, -150.8008307323590032 ) ) ;
#1001 = LINE ( 'NONE', #811, #3030 ) ;
#1002 =( GEOMETRIC_REPRESENTATION_CONTEXT ( 3 ) GLOBAL_UNCERTAINTY_ASSIGNED_CONTEXT ( ( #1480 ) ) GLOBAL_UNIT_ASSIGNED_CONTEXT ( ( #274, #2908, #2459 ) ) REPRESENTATION_CONTEXT ( 'NONE', 'WORKASPACE' ) );
#1003 = EDGE_LOOP ( 'NONE', ( #1882, #880, #1585, #1225, #1180, #1715, #1630, #863, #1677, #627 ) ) ;
#1004 = DIRECTION ( 'NONE',  ( 0.000000000000000000, -0.9999407575168364204, 0.01088491877118685260 ) ) ;
#1005 = EDGE_CURVE ( 'NONE', #2457, #962, #905, .T. ) ;
#1006 = ADVANCED_FACE ( 'NONE', ( #2587 ), #415, .F. ) ;
#1007 = ORIENTED_EDGE ( 'NONE', *, *, #2958, .F. ) ;
#1008 = CARTESIAN_POINT ( 'NONE',  ( 19.86538294025915974, 161.0760443689615613, -151.5695747856090634 ) ) ;
#1009 = CARTESIAN_POINT ( 'NONE',  ( 9.071080868421724119, 165.9773663785032909, -151.5566326425218904 ) ) ;
#1010 = UNCERTAINTY_MEASURE_WITH_UNIT (LENGTH_MEASURE( 1.000000000000000082E-05 ), #920, 'distance_accuracy_value', 'NONE');
#1011 = ORIENTED_EDGE ( 'NONE', *, *, #1592, .F. ) ;
#1012 = CARTESIAN_POINT ( 'NONE',  ( -26.93147313166084089, 150.7253067761107275, -156.5130768362176070 ) ) ;
#1013 = FACE_OUTER_BOUND ( 'NONE', #3106, .T. ) ;
#1014 = CARTESIAN_POINT ( 'NONE',  ( 0.4051848658061360520, 132.3627663464337445, -189.7198094524963210 ) ) ;
#1015 = CARTESIAN_POINT ( 'NONE',  ( -19.83756042636192873, 195.0958729142196262, -141.3513292439140514 ) ) ;
#1016 = DIRECTION ( 'NONE',  ( 0.001690963655019717907, 0.9359141350837767437, -0.3522241791704586178 ) ) ;
#1017 = ORIENTED_EDGE ( 'NONE', *, *, #1667, .T. ) ;
#1018 = DIRECTION ( 'NONE',  ( -0.004944046975061859930, 0.01088478573707840798, 0.9999285363659576875 ) ) ;
#1019 = B_SPLINE_CURVE_WITH_KNOTS ( 'NONE', 3,
 ( #955, #1918, #2899, #720, #311, #79, #2301, #561, #1546, #2010 ),
 .UNSPECIFIED., .F., .F.,
 ( 4, 2, 2, 2, 4 ),
 ( 3.469446951953614189E-18, 0.0003054125756996861878, 0.0006108251513993689062, 0.0009162377270990516246, 0.001221650302798734343 ),
 .UNSPECIFIED. ) ;
#1020 = ORIENTED_EDGE ( 'NONE', *, *, #1272, .T. ) ;
#1021 = DIRECTION ( 'NONE',  ( 0.004944046975061859930, -0.01088478573707893360, -0.9999285363659575765 ) ) ;
#1022 = DIRECTION ( 'NONE',  ( -0.9999877781250670061, -5.381554972533323956E-05, -0.004943754077442168854 ) ) ;
#1023 = ADVANCED_FACE ( 'NONE', ( #2869 ), #516, .F. ) ;
#1024 = VERTEX_POINT ( 'NONE', #2632 ) ;
#1025 = CARTESIAN_POINT ( 'NONE',  ( -25.99129996957622168, 151.1696361111893907, -156.4722043236138802 ) ) ;
#1026 = DIRECTION ( 'NONE',  ( 0.000000000000000000, 0.01088491877119429629, 0.9999407575168363094 ) ) ;
#1027 = EDGE_CURVE ( 'NONE', #616, #1106, #2370, .T. ) ;
#1028 = CIRCLE ( 'NONE', #1732, 33.00000000000001421 ) ;
#1029 = DIRECTION ( 'NONE',  ( 0.000000000000000000, 0.9359127059959945205, -0.3522320353903872769 ) ) ;
#1030 = CARTESIAN_POINT ( 'NONE',  ( 9.405074868932002730, 172.3608809870547418, -190.1107124166471181 ) ) ;
#1031 = CARTESIAN_POINT ( 'NONE',  ( -30.60485468090681493, 150.6442955170463449, -184.7182306971885737 ) ) ;
#1032 = EDGE_LOOP ( 'NONE', ( #2497 ) ) ;
#1033 = DIRECTION ( 'NONE',  ( 0.000000000000000000, 0.9999407575168361983, -0.01088491877119452528 ) ) ;
#1034 = CYLINDRICAL_SURFACE ( 'NONE', #1484, 1.000000000000002220 ) ;
#1035 = EDGE_LOOP ( 'NONE', ( #302, #829, #717, #3022 ) ) ;
#1036 = CARTESIAN_POINT ( 'NONE',  ( 18.56392378131643284, 163.4613680681447363, -152.4359903222752450 ) ) ;
#1037 = CARTESIAN_POINT ( 'NONE',  ( -26.35244194760332448, 151.2808603540295849, -155.8033549833368454 ) ) ;
#1038 = MECHANICAL_DESIGN_GEOMETRIC_PRESENTATION_REPRESENTATION (  '', ( #2006 ), #2832 ) ;
#1039 = ORIENTED_EDGE ( 'NONE', *, *, #122, .F. ) ;
#1040 = CARTESIAN_POINT ( 'NONE',  ( -19.78986055221009721, 194.9908571422321870, -150.9985808954566551 ) ) ;
#1041 = DIRECTION ( 'NONE',  ( 0.004943754084601030031, 0.000000000000000000, -0.9999877795731060282 ) ) ;
#1042 = EDGE_CURVE ( 'NONE', #653, #833, #267, .T. ) ;
#1043 = EDGE_CURVE ( 'NONE', #395, #1628, #1237, .T. ) ;
#1044 = CARTESIAN_POINT ( 'NONE',  ( -24.26755734238513895, 161.7185802297683495, -155.1588545418237857 ) ) ;
#1045 = VECTOR ( 'NONE', #1652, 1000.000000000000000 ) ;
#1046 = DIRECTION ( 'NONE',  ( 0.004645884459284527375, -0.3522282340390544553, -0.9359026054581320864 ) ) ;
#1047 = CARTESIAN_POINT ( 'NONE',  ( 20.20965057279257593, 194.9930097642211422, -150.8008307323589747 ) ) ;
#1048 = ORIENTED_EDGE ( 'NONE', *, *, #2178, .F. ) ;
#1049 = CYLINDRICAL_SURFACE ( 'NONE', #2015, 1.999999999999990896 ) ;
#1050 = AXIS2_PLACEMENT_3D ( 'NONE', #396, #614, #2069 ) ;
#1051 = DIRECTION ( 'NONE',  ( -0.004943754084597145985, 0.000000000000000000, 0.9999877795731060282 ) ) ;
#1052 = CIRCLE ( 'NONE', #2227, 1.999999999999990896 ) ;
#1053 = ORIENTED_EDGE ( 'NONE', *, *, #1553, .F. ) ;
#1054 = CARTESIAN_POINT ( 'NONE',  ( 19.94425905372437668, 160.9247908341385198, -151.4356172296513137 ) ) ;
#1055 = CARTESIAN_POINT ( 'NONE',  ( -9.578092382732156906, 167.5132776124118266, -152.6491238219683453 ) ) ;
#1056 = PLANE ( 'NONE',  #1798 ) ;
#1057 = ORIENTED_EDGE ( 'NONE', *, *, #512, .F. ) ;
#1058 = CARTESIAN_POINT ( 'NONE',  ( -25.90941541329021547, 145.8780592151847770, -142.4532932702495884 ) ) ;
#1059 = CARTESIAN_POINT ( 'NONE',  ( 0.3804646309308266083, 132.4171902751191965, -184.7201667706664807 ) ) ;
#1060 = LINE ( 'NONE', #1838, #1245 ) ;
#1061 = EDGE_CURVE ( 'NONE', #1545, #2129, #244, .T. ) ;
#1062 = DIRECTION ( 'NONE',  ( 0.004944046975061859063, -0.01088478573707893533, -0.9999285363659575765 ) ) ;
#1063 = ORIENTED_EDGE ( 'NONE', *, *, #1105, .F. ) ;
#1064 = LINE ( 'NONE', #2089, #3142 ) ;
#1065 = CARTESIAN_POINT ( 'NONE',  ( -26.80435791714888794, 150.8630864229000110, -143.8559787653097999 ) ) ;
#1066 = EDGE_LOOP ( 'NONE', ( #2133, #573, #234, #438 ) ) ;
#1067 = DIRECTION ( 'NONE',  ( -1.734723475976814983E-15, 0.9999407575168363094, -0.01088491877120073038 ) ) ;
#1068 = DIRECTION ( 'NONE',  ( 0.004348148117992678592, 0.000000000000000000, -0.9999905467592899999 ) ) ;
#1069 = DIRECTION ( 'NONE',  ( 0.000000000000000000, 0.9999407575168361983, -0.01088491877119481151 ) ) ;
#1070 = ORIENTED_EDGE ( 'NONE', *, *, #1821, .T. ) ;
#1071 = CARTESIAN_POINT ( 'NONE',  ( -10.71963906924455578, 167.4333044883366881, -184.6021510831324406 ) ) ;
#1072 = DIRECTION ( 'NONE',  ( -0.004645884459284525640, 0.3522282340390544553, 0.9359026054581321974 ) ) ;
#1073 = MANIFOLD_SOLID_BREP ( 'Ô²½Ç9', #2665 ) ;
#1074 = CARTESIAN_POINT ( 'NONE',  ( 22.76906942990344618, 238.6242051648256393, -170.8133987780786072 ) ) ;
#1075 = EDGE_CURVE ( 'NONE', #1832, #2149, #1166, .T. ) ;
#1076 = VERTEX_POINT ( 'NONE', #3108 ) ;
#1077 = DIRECTION ( 'NONE',  ( 0.9999877781250670061, 5.381554972533475744E-05, 0.004943754077442310234 ) ) ;
#1078 = AXIS2_PLACEMENT_3D ( 'NONE', #612, #1822, #882 ) ;
#1079 = CARTESIAN_POINT ( 'NONE',  ( -17.77999690200985938, 132.7699771316785871, -152.3114769121897041 ) ) ;
#1080 = EDGE_CURVE ( 'NONE', #2251, #1875, #1681, .T. ) ;
#1081 = EDGE_CURVE ( 'NONE', #2398, #2041, #691, .T. ) ;
#1082 = ORIENTED_EDGE ( 'NONE', *, *, #2177, .F. ) ;
#1083 = DIRECTION ( 'NONE',  ( -0.001588984062596780289, 0.9999394096117002473, -0.01089276067179503066 ) ) ;
#1084 = LINE ( 'NONE', #1321, #2737 ) ;
#1085 = CARTESIAN_POINT ( 'NONE',  ( 0.3557443960555174423, 132.4716142038045632, -179.7205240888367257 ) ) ;
#1086 = CIRCLE ( 'NONE', #641, 1.700000000000022826 ) ;
#1087 = VERTEX_POINT ( 'NONE', #1456 ) ;
#1088 = DIRECTION ( 'NONE',  ( 0.000000000000000000, 0.9359127059959955197, -0.3522320353903848900 ) ) ;
#1089 = DIRECTION ( 'NONE',  ( 1.488985130897903991E-18, 0.9999407575168363094, -0.01088491877119481151 ) ) ;
#1090 = AXIS2_PLACEMENT_3D ( 'NONE', #2711, #1460, #1968 ) ;
#1091 = ORIENTED_EDGE ( 'NONE', *, *, #703, .T. ) ;
#1092 = CARTESIAN_POINT ( 'NONE',  ( -20.66927524242149516, 210.4831728205070647, -156.1641644279789887 ) ) ;
#1093 = VECTOR ( 'NONE', #52, 1000.000000000000114 ) ;
#1094 = CARTESIAN_POINT ( 'NONE',  ( -30.43120739699195099, 151.5004729836356034, -155.0995792565602756 ) ) ;
#1095 = VECTOR ( 'NONE', #1334, 1000.000000000000227 ) ;
#1096 = CARTESIAN_POINT ( 'NONE',  ( -5.767783447071177960, 168.7412782245392009, -155.1438302799382711 ) ) ;
#1097 = AXIS2_PLACEMENT_3D ( 'NONE', #1096, #2825, #1347 ) ;
#1098 = FACE_OUTER_BOUND ( 'NONE', #2349, .T. ) ;
#1099 = AXIS2_PLACEMENT_3D ( 'NONE', #1883, #708, #50 ) ;
#1100 = ORIENTED_EDGE ( 'NONE', *, *, #1782, .F. ) ;
#1101 = DIRECTION ( 'NONE',  ( 0.000000000000000000, 0.9359127059959989614, -0.3522320353903755086 ) ) ;
#1102 = PLANE ( 'NONE',  #1506 ) ;
#1103 = LINE ( 'NONE', #1532, #350 ) ;
#1104 = EDGE_CURVE ( 'NONE', #182, #754, #1407, .T. ) ;
#1105 = EDGE_CURVE ( 'NONE', #730, #110, #2393, .T. ) ;
#1106 = VERTEX_POINT ( 'NONE', #937 ) ;
#1107 = CARTESIAN_POINT ( 'NONE',  ( -30.04756065946968846, 145.3603573428814002, -190.0118661214182794 ) ) ;
#1108 = DIRECTION ( 'NONE',  ( 0.9999877781250671172, 5.381554972452626788E-05, 0.004943754077442179262 ) ) ;
#1109 = VERTEX_POINT ( 'NONE', #590 ) ;
#1110 = FACE_OUTER_BOUND ( 'NONE', #1999, .T. ) ;
#1111 = FACE_OUTER_BOUND ( 'NONE', #1447, .T. ) ;
#1112 = CARTESIAN_POINT ( 'NONE',  ( 7.989938753148075001, 165.1403022812598351, -155.1506465887342472 ) ) ;
#1113 = CARTESIAN_POINT ( 'NONE',  ( 0.4051848658061359409, 132.3627663464338013, -189.7198094524962926 ) ) ;
#1114 = CARTESIAN_POINT ( 'NONE',  ( 0.2173110807537758926, 171.6917270918229406, -152.1461404693836528 ) ) ;
#1115 = ORIENTED_EDGE ( 'NONE', *, *, #772, .F. ) ;
#1116 = CARTESIAN_POINT ( 'NONE',  ( -10.59468069356960207, 172.3598046760602358, -190.2095874981959298 ) ) ;
#1117 = PLANE ( 'NONE',  #411 ) ;
#1118 = ORIENTED_EDGE ( 'NONE', *, *, #1683, .F. ) ;
#1119 = CARTESIAN_POINT ( 'NONE',  ( 11.35560995543146845, 163.5830613535499936, -180.0048019885190342 ) ) ;
#1120 = ADVANCED_FACE ( 'NONE', ( #2270 ), #2288, .F. ) ;
#1121 = PLANE ( 'NONE',  #1344 ) ;
#1122 = ADVANCED_FACE ( 'NONE', ( #3021 ), #98, .T. ) ;
#1123 = CARTESIAN_POINT ( 'NONE',  ( 10.01765859121525182, 167.5143321814114188, -152.5522460641625457 ) ) ;
#1124 = CARTESIAN_POINT ( 'NONE',  ( 8.772087945697849776, 165.6522355817936329, -155.0383133648398939 ) ) ;
#1125 = CARTESIAN_POINT ( 'NONE',  ( -26.60562477829398986, 151.4254974307595489, -184.0604414686251005 ) ) ;
#1126 = CARTESIAN_POINT ( 'NONE',  ( -3.753339525409173483, 164.7304083556843182, -156.1206179976693136 ) ) ;
#1127 = VERTEX_POINT ( 'NONE', #1322 ) ;
#1128 = LINE ( 'NONE', #1862, #2835 ) ;
#1129 = FACE_BOUND ( 'NONE', #180, .T. ) ;
#1130 = AXIS2_PLACEMENT_3D ( 'NONE', #2732, #2250, #1051 ) ;
#1131 = VERTEX_POINT ( 'NONE', #2768 ) ;
#1132 = DIRECTION ( 'NONE',  ( -0.004645884459284523905, 0.3522282340390552879, 0.9359026054581318643 ) ) ;
#1133 = DIRECTION ( 'NONE',  ( -0.9999877781250670061, -5.381554972413989888E-05, -0.004943754077442461155 ) ) ;
#1134 = ORIENTED_EDGE ( 'NONE', *, *, #1232, .F. ) ;
#1135 = CARTESIAN_POINT ( 'NONE',  ( 0.7024060138087662164, 150.8645667326142927, -143.7199904269364197 ) ) ;
#1136 = VERTEX_POINT ( 'NONE', #819 ) ;
#1137 = CARTESIAN_POINT ( 'NONE',  ( -8.434474588868635436, 165.7872522990828941, -150.8928957518249092 ) ) ;
#1138 = EDGE_CURVE ( 'NONE', #114, #754, #496, .T. ) ;
#1139 = EDGE_CURVE ( 'NONE', #2373, #2525, #1103, .T. ) ;
#1140 = CARTESIAN_POINT ( 'NONE',  ( -30.87883580640174230, 150.7316766509346166, -155.9279096346458857 ) ) ;
#1141 = CARTESIAN_POINT ( 'NONE',  ( -18.03363813225939793, 163.6192593178100196, -152.6326331758135666 ) ) ;
#1142 = DIRECTION ( 'NONE',  ( -0.004944046975061859930, 0.01088478573707840798, 0.9999285363659576875 ) ) ;
#1143 = ORIENTED_EDGE ( 'NONE', *, *, #909, .T. ) ;
#1144 = CYLINDRICAL_SURFACE ( 'NONE', #1653, 1.700000000000013278 ) ;
#1145 = CIRCLE ( 'NONE', #2933, 1.999999999999990896 ) ;
#1146 = DIRECTION ( 'NONE',  ( 0.004944046975061859063, -0.01088478573707893533, -0.9999285363659576875 ) ) ;
#1147 = VECTOR ( 'NONE', #1077, 1000.000000000000227 ) ;
#1148 = EDGE_LOOP ( 'NONE', ( #2510, #1118, #2463, #513 ) ) ;
#1149 = CARTESIAN_POINT ( 'NONE',  ( 11.35200588210152084, 162.5584002017543810, -179.2646413884459093 ) ) ;
#1150 = VECTOR ( 'NONE', #2329, 1000.000000000000114 ) ;
#1151 = EDGE_LOOP ( 'NONE', ( #3136, #448, #259, #1705, #2125 ) ) ;
#1152 = CARTESIAN_POINT ( 'NONE',  ( -26.73911404662054991, 150.7194458881435821, -157.0514860679959384 ) ) ;
#1153 = ORIENTED_EDGE ( 'NONE', *, *, #664, .T. ) ;
#1154 = CARTESIAN_POINT ( 'NONE',  ( 20.16762617350454434, 160.5036913425802538, -141.9249953622750979 ) ) ;
#1155 = CARTESIAN_POINT ( 'NONE',  ( 11.35560995543153240, 172.4698364755249713, -180.1015395448326615 ) ) ;
#1156 = EDGE_CURVE ( 'NONE', #182, #2373, #1389, .T. ) ;
#1157 = CARTESIAN_POINT ( 'NONE',  ( 0.4002408188309498072, 132.3736511321704370, -188.7198809161300233 ) ) ;
#1158 = ORIENTED_EDGE ( 'NONE', *, *, #3061, .F. ) ;
#1159 = CARTESIAN_POINT ( 'NONE',  ( -25.67664622055297130, 145.3655958826320784, -189.5306287767359379 ) ) ;
#1160 = VERTEX_POINT ( 'NONE', #1566 ) ;
#1161 = CARTESIAN_POINT ( 'NONE',  ( 11.35560995543151819, 170.4699549604912647, -180.0797697072902679 ) ) ;
#1162 = ORIENTED_EDGE ( 'NONE', *, *, #1104, .F. ) ;
#1163 = DIRECTION ( 'NONE',  ( 0.000000000000000000, 0.9999407575168364204, -0.01088491877118777894 ) ) ;
#1164 = CARTESIAN_POINT ( 'NONE',  ( 0.3557443960555080054, 132.4716142038039095, -179.7205240888596336 ) ) ;
#1165 = CARTESIAN_POINT ( 'NONE',  ( 9.819959563964507865, 167.0229580277435844, -152.4816713448292376 ) ) ;
#1166 = LINE ( 'NONE', #2663, #1441 ) ;
#1167 = ORIENTED_EDGE ( 'NONE', *, *, #1896, .T. ) ;
#1168 = DIRECTION ( 'NONE',  ( 0.000000000000000000, -0.9359127059959955197, 0.3522320353903848900 ) ) ;
#1169 = CARTESIAN_POINT ( 'NONE',  ( 6.167797279753820305, 168.8834262257178693, -142.0854342582516949 ) ) ;
#1170 = ADVANCED_FACE ( 'NONE', ( #2059 ), #1308, .T. ) ;
#1171 = EDGE_LOOP ( 'NONE', ( #2833, #842, #67, #1926, #2880 ) ) ;
#1172 = DIRECTION ( 'NONE',  ( 0.000000000000000000, 0.01088491877119481498, 0.9999407575168361983 ) ) ;
#1173 =( NAMED_UNIT ( * ) SI_UNIT ( $, .STERADIAN. ) SOLID_ANGLE_UNIT ( ) );
#1174 = EDGE_CURVE ( 'NONE', #526, #377, #2321, .T. ) ;
#1175 = ADVANCED_FACE ( 'NONE', ( #127, #113, #907 ), #1056, .F. ) ;
#1176 = AXIS2_PLACEMENT_3D ( 'NONE', #7, #2452, #1930 ) ;
#1177 = EDGE_LOOP ( 'NONE', ( #2575 ) ) ;
#1178 = CARTESIAN_POINT ( 'NONE',  ( 28.42754297656138007, 151.7441256095335120, -154.7897313102183432 ) ) ;
#1179 = CONICAL_SURFACE ( 'NONE', #1433, 28.59999999999998366, 0.7853981633974566057 ) ;
#1180 = ORIENTED_EDGE ( 'NONE', *, *, #263, .T. ) ;
#1181 = CARTESIAN_POINT ( 'NONE',  ( 20.16762617350454434, 160.5036913425802254, -141.9249953622750979 ) ) ;
#1182 = DIRECTION ( 'NONE',  ( 0.000000000000000000, -0.9999407575168361983, 0.01088491877119429629 ) ) ;
#1183 = DIRECTION ( 'NONE',  ( -0.004645884459284523905, 0.3522282340390552879, 0.9359026054581318643 ) ) ;
#1184 = AXIS2_PLACEMENT_3D ( 'NONE', #1436, #2693, #1182 ) ;
#1185 = DIRECTION ( 'NONE',  ( -0.9999877781250672282, -5.381554972452630176E-05, -0.004943754077442180130 ) ) ;
#1186 = ORIENTED_EDGE ( 'NONE', *, *, #2139, .T. ) ;
#1187 = CARTESIAN_POINT ( 'NONE',  ( 28.43248702353645285, 150.7333000662796110, -155.7787749278131173 ) ) ;
#1188 = CARTESIAN_POINT ( 'NONE',  ( 28.43248702353645285, 150.7333000662796110, -155.7787749278131173 ) ) ;
#1189 = ORIENTED_EDGE ( 'NONE', *, *, #828, .F. ) ;
#1190 = CARTESIAN_POINT ( 'NONE',  ( 24.66757117506735497, 161.8627194062867716, -141.9175396192718210 ) ) ;
#1191 = VERTEX_POINT ( 'NONE', #2893 ) ;
#1192 = AXIS2_PLACEMENT_3D ( 'NONE', #567, #2506, #334 ) ;
#1193 = VECTOR ( 'NONE', #2448, 1000.000000000000114 ) ;
#1194 = ORIENTED_EDGE ( 'NONE', *, *, #60, .F. ) ;
#1195 = CARTESIAN_POINT ( 'NONE',  ( 27.94095287357253810, 151.6092079685990086, -154.8334199920512901 ) ) ;
#1196 = EDGE_CURVE ( 'NONE', #1942, #903, #3038, .T. ) ;
#1197 = CIRCLE ( 'NONE', #2837, 34.10000000000002984 ) ;
#1198 = EDGE_LOOP ( 'NONE', ( #812, #426, #2971, #648 ) ) ;
#1199 = LINE ( 'NONE', #292, #2727 ) ;
#1200 = AXIS2_PLACEMENT_3D ( 'NONE', #3028, #153, #133 ) ;
#1201 = PLANE ( 'NONE',  #1184 ) ;
#1202 = CARTESIAN_POINT ( 'NONE',  ( -8.944129216563624141, 166.3214706303777461, -152.1374739675607373 ) ) ;
#1203 = ORIENTED_EDGE ( 'NONE', *, *, #2412, .T. ) ;
#1204 = DIRECTION ( 'NONE',  ( -8.673617379884041389E-16, 0.9359127059959955197, -0.3522320353903848900 ) ) ;
#1205 = CARTESIAN_POINT ( 'NONE',  ( -10.62434497541998724, 162.4756612582879711, -184.1017108854428272 ) ) ;
#1206 = ORIENTED_EDGE ( 'NONE', *, *, #3114, .T. ) ;
#1207 = PLANE ( 'NONE',  #194 ) ;
#1208 = PRESENTATION_STYLE_ASSIGNMENT (( #2415 ) ) ;
#1209 = ORIENTED_EDGE ( 'NONE', *, *, #436, .T. ) ;
#1210 = CARTESIAN_POINT ( 'NONE',  ( 27.38078111684874116, 150.7380460451761621, -155.3427865816656208 ) ) ;
#1211 = EDGE_CURVE ( 'NONE', #210, #730, #1336, .T. ) ;
#1212 = VERTEX_POINT ( 'NONE', #1770 ) ;
#1213 = DIRECTION ( 'NONE',  ( 0.004645884459284571610, -0.3522282340390545663, -0.9359026054581320864 ) ) ;
#1214 = CARTESIAN_POINT ( 'NONE',  ( 21.13021388320629157, 230.6897166003881807, -163.5614294791823511 ) ) ;
#1215 = SURFACE_STYLE_USAGE ( .BOTH. , #486 ) ;
#1216 = EDGE_CURVE ( 'NONE', #754, #2776, #576, .T. ) ;
#1217 = ORIENTED_EDGE ( 'NONE', *, *, #2938, .F. ) ;
#1218 = FACE_OUTER_BOUND ( 'NONE', #605, .T. ) ;
#1219 = FACE_OUTER_BOUND ( 'NONE', #2627, .T. ) ;
#1220 = LINE ( 'NONE', #2023, #1745 ) ;
#1221 = VERTEX_POINT ( 'NONE', #2784 ) ;
#1222 = DIRECTION ( 'NONE',  ( -3.205384430647085565E-16, 0.9999407575168364204, -0.01088491877119481671 ) ) ;
#1223 = ORIENTED_EDGE ( 'NONE', *, *, #2722, .F. ) ;
#1224 = CARTESIAN_POINT ( 'NONE',  ( 27.22317667787893924, 150.7223499339762327, -156.7847065126522068 ) ) ;
#1225 = ORIENTED_EDGE ( 'NONE', *, *, #1553, .T. ) ;
#1226 = CARTESIAN_POINT ( 'NONE',  ( 11.40505042518215006, 172.3609886181541810, -190.1008249084922284 ) ) ;
#1227 = LINE ( 'NONE', #2676, #1897 ) ;
#1228 = VECTOR ( 'NONE', #656, 1000.000000000000227 ) ;
#1229 = ORIENTED_EDGE ( 'NONE', *, *, #2515, .F. ) ;
#1230 = CARTESIAN_POINT ( 'NONE',  ( -19.67719886037478005, 160.6154286508792097, -151.2768799001062519 ) ) ;
#1231 = EDGE_CURVE ( 'NONE', #1136, #1578, #2174, .T. ) ;
#1232 = EDGE_CURVE ( 'NONE', #945, #2533, #836, .T. ) ;
#1233 = CARTESIAN_POINT ( 'NONE',  ( -16.38196829969783863, 162.8885519172573879, -150.6322792247856341 ) ) ;
#1234 = CARTESIAN_POINT ( 'NONE',  ( -30.65311716033568956, 150.5639200834942244, -184.6068109685622005 ) ) ;
#1235 = ORIENTED_EDGE ( 'NONE', *, *, #4, .F. ) ;
#1236 = DIRECTION ( 'NONE',  ( 0.004944046975061859930, -0.01088478573707893360, -0.9999285363659576875 ) ) ;
#1237 = CIRCLE ( 'NONE', #2877, 9.999999999999992895 ) ;
#1238 = VERTEX_POINT ( 'NONE', #2491 ) ;
#1239 = DIRECTION ( 'NONE',  ( 0.004944046975061859930, -0.01088478573707893707, -0.9999285363659576875 ) ) ;
#1240 = APPLICATION_CONTEXT ( 'automotive_design' ) ;
#1241 = ORIENTED_EDGE ( 'NONE', *, *, #910, .T. ) ;
#1242 = DIRECTION ( 'NONE',  ( -0.004944046975061859063, 0.01088478573707893186, 0.9999285363659575765 ) ) ;
#1243 = CARTESIAN_POINT ( 'NONE',  ( -9.747425933343015103, 220.3772036987877243, -159.8335797643450178 ) ) ;
#1244 = AXIS2_PLACEMENT_3D ( 'NONE', #320, #3002, #1004 ) ;
#1245 = VECTOR ( 'NONE', #2822, 1000.000000000000227 ) ;
#1246 = ORIENTED_EDGE ( 'NONE', *, *, #1196, .F. ) ;
#1247 = CARTESIAN_POINT ( 'NONE',  ( -22.37939564068157594, 196.3611169677814416, -132.9091499062105584 ) ) ;
#1248 = VECTOR ( 'NONE', #360, 1000.000000000000114 ) ;
#1249 = CARTESIAN_POINT ( 'NONE',  ( 31.18334007518589956, 150.9479599488084034, -184.6603118638981584 ) ) ;
#1250 = CARTESIAN_POINT ( 'NONE',  ( -30.70339451051270885, 150.4812267964785804, -184.4176262048336241 ) ) ;
#1251 = EDGE_CURVE ( 'NONE', #2996, #765, #1001, .T. ) ;
#1252 = ORIENTED_EDGE ( 'NONE', *, *, #1139, .F. ) ;
#1253 = LINE ( 'NONE', #1780, #2633 ) ;
#1254 = CARTESIAN_POINT ( 'NONE',  ( 27.42331624854669414, 151.4613373269965280, -155.0341643719498279 ) ) ;
#1255 = EDGE_CURVE ( 'NONE', #261, #2698, #2948, .T. ) ;
#1256 = ORIENTED_EDGE ( 'NONE', *, *, #1570, .T. ) ;
#1257 = CARTESIAN_POINT ( 'NONE',  ( 18.88407165312837677, 162.8919448505049559, -152.3443637037276801 ) ) ;
#1258 = LINE ( 'NONE', #2531, #3045 ) ;
#1259 = ORIENTED_EDGE ( 'NONE', *, *, #2139, .F. ) ;
#1260 = CARTESIAN_POINT ( 'NONE',  ( -26.73983174643353067, 150.7210258865653714, -156.9063398476168629 ) ) ;
#1261 = CARTESIAN_POINT ( 'NONE',  ( -11.61938870656998546, 166.3331170897118341, -185.1486928297417194 ) ) ;
#1262 = VERTEX_POINT ( 'NONE', #2697 ) ;
#1263 = DIRECTION ( 'NONE',  ( -6.973733562826225904E-15, -0.9999407575168361983, 0.01088491877119377761 ) ) ;
#1264 = CARTESIAN_POINT ( 'NONE',  ( 31.49144365901142351, 150.4271147420214447, -183.9064248914943107 ) ) ;
#1265 = DIRECTION ( 'NONE',  ( 0.004943754084600977122, 0.000000000000000000, -0.9999877795731061392 ) ) ;
#1266 = ORIENTED_EDGE ( 'NONE', *, *, #2472, .T. ) ;
#1267 = DIRECTION ( 'NONE',  ( 0.000000000000000000, -0.9999407575168361983, 0.01088491877119450273 ) ) ;
#1268 = DIRECTION ( 'NONE',  ( 0.9999877781250671172, 5.381554972533477099E-05, 0.004943754077442311101 ) ) ;
#1269 = EDGE_LOOP ( 'NONE', ( #1727, #1686, #2317 ) ) ;
#1270 = CARTESIAN_POINT ( 'NONE',  ( 19.05973722094424971, 162.5745703761868128, -152.2690638141478701 ) ) ;
#1271 = FACE_OUTER_BOUND ( 'NONE', #1066, .T. ) ;
#1272 = EDGE_CURVE ( 'NONE', #2149, #1131, #2058, .T. ) ;
#1273 = EDGE_CURVE ( 'NONE', #2144, #480, #2962, .T. ) ;
#1274 = ORIENTED_EDGE ( 'NONE', *, *, #1610, .T. ) ;
#1275 = CARTESIAN_POINT ( 'NONE',  ( -27.08326013001565968, 150.7270045133074916, -156.3571145682161045 ) ) ;
#1276 = CARTESIAN_POINT ( 'NONE',  ( -20.65069170458435721, 229.2469019000011485, -167.4997764444607071 ) ) ;
#1277 = ORIENTED_EDGE ( 'NONE', *, *, #304, .T. ) ;
#1278 = VECTOR ( 'NONE', #1755, 1000.000000000000227 ) ;
#1279 = CARTESIAN_POINT ( 'NONE',  ( 20.16762617350454434, 171.8016512601882368, -142.0479800241752457 ) ) ;
#1280 = CIRCLE ( 'NONE', #1078, 29.60000000000034248 ) ;
#1281 = DIRECTION ( 'NONE',  ( -3.686287386450714305E-18, -0.9359127059959950756, 0.3522320353903856671 ) ) ;
#1282 = DIRECTION ( 'NONE',  ( -0.004944046975061833910, 0.01088478573707494200, 0.9999285363659576875 ) ) ;
#1283 = ORIENTED_EDGE ( 'NONE', *, *, #1570, .F. ) ;
#1284 = CARTESIAN_POINT ( 'NONE',  ( 28.43248702353645285, 151.7332408237964501, -155.7896598465842715 ) ) ;
#1285 = VECTOR ( 'NONE', #474, 1000.000000000000227 ) ;
#1286 = CARTESIAN_POINT ( 'NONE',  ( 26.66880753642388058, 151.2359343976140167, -155.7633716074759036 ) ) ;
#1287 = VERTEX_POINT ( 'NONE', #779 ) ;
#1288 = CARTESIAN_POINT ( 'NONE',  ( 19.79270792166670745, 161.2141218614509910, -151.6715479884092872 ) ) ;
#1289 = FACE_BOUND ( 'NONE', #2865, .T. ) ;
#1290 = CARTESIAN_POINT ( 'NONE',  ( -17.78988499595639894, 164.0433555889051433, -152.6519297094164074 ) ) ;
#1291 = ORIENTED_EDGE ( 'NONE', *, *, #2594, .T. ) ;
#1292 = CARTESIAN_POINT ( 'NONE',  ( -27.02922910906849197, 150.7264784513186555, -156.4054411414001322 ) ) ;
#1293 = ADVANCED_FACE ( 'NONE', ( #535 ), #1341, .F. ) ;
#1294 = CARTESIAN_POINT ( 'NONE',  ( 10.01765859121525182, 167.5143321814114188, -152.5522460641625457 ) ) ;
#1295 = AXIS2_PLACEMENT_3D ( 'NONE', #1530, #1021, #2042 ) ;
#1296 = CYLINDRICAL_SURFACE ( 'NONE', #47, 35.94690529099829490 ) ;
#1297 = CIRCLE ( 'NONE', #1097, 4.000000000000008882 ) ;
#1298 = LINE ( 'NONE', #3012, #3026 ) ;
#1299 = SPHERICAL_SURFACE ( 'NONE', #546, 1.000000000000000000 ) ;
#1300 = VERTEX_POINT ( 'NONE', #2247 ) ;
#1301 = CARTESIAN_POINT ( 'NONE',  ( 18.21956311049257593, 164.0623919849941785, -152.4741162500785947 ) ) ;
#1302 = CIRCLE ( 'NONE', #1099, 1.699999999999987299 ) ;
#1303 = DIRECTION ( 'NONE',  ( -0.004944046975061859930, 0.01088478573707893707, 0.9999285363659576875 ) ) ;
#1304 = AXIS2_PLACEMENT_3D ( 'NONE', #681, #1817, #2802 ) ;
#1305 = ORIENTED_EDGE ( 'NONE', *, *, #1920, .F. ) ;
#1306 = CARTESIAN_POINT ( 'NONE',  ( 20.07291286889062931, 160.6767493303126173, -151.1685301598315334 ) ) ;
#1307 = DIRECTION ( 'NONE',  ( -0.001690963655018912779, -0.9359141350837786311, 0.3522241791704536773 ) ) ;
#1308 = CYLINDRICAL_SURFACE ( 'NONE', #1549, 1.999999999999990896 ) ;
#1309 = ORIENTED_EDGE ( 'NONE', *, *, #1975, .F. ) ;
#1310 = CARTESIAN_POINT ( 'NONE',  ( -27.50136083789212549, 150.7394372838440404, -155.2149807363837795 ) ) ;
#1311 = CARTESIAN_POINT ( 'NONE',  ( 26.99733999590953104, 145.3634272830896066, -189.7298467144001108 ) ) ;
#1312 = EDGE_CURVE ( 'NONE', #1904, #775, #286, .T. ) ;
#1313 = CARTESIAN_POINT ( 'NONE',  ( 21.80494684328245469, 215.2626307454816299, -132.1197485315720144 ) ) ;
#1314 = EDGE_CURVE ( 'NONE', #526, #911, #2902, .T. ) ;
#1315 = EDGE_CURVE ( 'NONE', #1960, #2698, #2231, .T. ) ;
#1316 = LINE ( 'NONE', #2490, #2973 ) ;
#1317 = ORIENTED_EDGE ( 'NONE', *, *, #306, .F. ) ;
#1318 = LINE ( 'NONE', #2332, #2733 ) ;
#1319 = FACE_OUTER_BOUND ( 'NONE', #1338, .T. ) ;
#1320 = ORIENTED_EDGE ( 'NONE', *, *, #179, .F. ) ;
#1321 = CARTESIAN_POINT ( 'NONE',  ( 20.20965057279256882, 160.4111706638150281, -150.4243879213856303 ) ) ;
#1322 = CARTESIAN_POINT ( 'NONE',  ( -20.66927524242149516, 230.6558148361573615, -163.7561660226282640 ) ) ;
#1323 = ORIENTED_EDGE ( 'NONE', *, *, #2016, .T. ) ;
#1324 = CARTESIAN_POINT ( 'NONE',  ( -27.39131169450950409, 150.7291201772603131, -156.1627595472797907 ) ) ;
#1325 = DIRECTION ( 'NONE',  ( -0.004645884459284525640, 0.3522282340390544553, 0.9359026054581320864 ) ) ;
#1326 = CARTESIAN_POINT ( 'NONE',  ( -5.832056057746981104, 164.8830174090538492, -142.1012196320961891 ) ) ;
#1327 = AXIS2_PLACEMENT_3D ( 'NONE', #1722, #3120, #499 ) ;
#1328 = CARTESIAN_POINT ( 'NONE',  ( 27.22317667787895701, 150.7223499339762327, -156.7847065126522068 ) ) ;
#1329 = EDGE_CURVE ( 'NONE', #1729, #3072, #1220, .T. ) ;
#1330 = ADVANCED_FACE ( 'NONE', ( #1983 ), #1763, .F. ) ;
#1331 = CIRCLE ( 'NONE', #1130, 1.000000000000002220 ) ;
#1332 = DIRECTION ( 'NONE',  ( 0.004944046975061859930, -0.01088478573707893707, -0.9999285363659576875 ) ) ;
#1333 = VERTEX_POINT ( 'NONE', #89 ) ;
#1334 = DIRECTION ( 'NONE',  ( 5.462073503114472385E-18, 0.9359127059959950756, -0.3522320353903856671 ) ) ;
#1335 = CARTESIAN_POINT ( 'NONE',  ( 20.76829884924425684, 161.0147265095748992, -152.4283387237326224 ) ) ;
#1336 = LINE ( 'NONE', #832, #447 ) ;
#1337 = AXIS2_PLACEMENT_3D ( 'NONE', #1552, #2536, #3043 ) ;
#1338 = EDGE_LOOP ( 'NONE', ( #1941 ) ) ;
#1339 = CARTESIAN_POINT ( 'NONE',  ( -26.08117836106408660, 145.8797159087441742, -142.3011014672987358 ) ) ;
#1340 =( BOUNDED_CURVE ( )  B_SPLINE_CURVE ( 3, ( #2986, #123, #2026, #2480 ),
 .UNSPECIFIED., .F., .T. ) 
 B_SPLINE_CURVE_WITH_KNOTS ( ( 4, 4 ),
 ( 1.221730476396030829, 1.570796326794897224 ),
 .UNSPECIFIED. ) 
 CURVE ( )  GEOMETRIC_REPRESENTATION_ITEM ( )  RATIONAL_B_SPLINE_CURVE ( ( 1.000000000000000000, 0.9898718353414720506, 0.9898718353414720506, 1.000000000000000000 ) ) 
 REPRESENTATION_ITEM ( '' )  );
#1341 = CONICAL_SURFACE ( 'NONE', #3132, 29.60000000000000853, 0.7853981633974375098 ) ;
#1342 = ORIENTED_EDGE ( 'NONE', *, *, #1612, .F. ) ;
#1343 = DIRECTION ( 'NONE',  ( 0.000000000000000000, -0.9359127059959950756, 0.3522320353903860557 ) ) ;
#1344 = AXIS2_PLACEMENT_3D ( 'NONE', #3089, #439, #582 ) ;
#1345 = CARTESIAN_POINT ( 'NONE',  ( 22.72116694178845009, 191.5210686553560038, -153.0863062961803109 ) ) ;
#1346 = AXIS2_PLACEMENT_3D ( 'NONE', #2202, #31, #1927 ) ;
#1347 = DIRECTION ( 'NONE',  ( 0.000000000000000000, 0.9999407575168364204, -0.01088491877119371690 ) ) ;
#1348 = CARTESIAN_POINT ( 'NONE',  ( 6.316118689005676856, 164.5571196235381706, -172.0397506741456652 ) ) ;
#1349 = EDGE_CURVE ( 'NONE', #637, #833, #1605, .T. ) ;
#1350 = AXIS2_PLACEMENT_3D ( 'NONE', #2767, #126, #1516 ) ;
#1351 = ORIENTED_EDGE ( 'NONE', *, *, #3039, .T. ) ;
#1352 = CARTESIAN_POINT ( 'NONE',  ( 0.3508003490804555424, 132.4824989895415968, -178.7205955524707690 ) ) ;
#1353 = CARTESIAN_POINT ( 'NONE',  ( 21.45753926615715557, 161.9620822906473734, -152.4352433448573265 ) ) ;
#1354 = MECHANICAL_DESIGN_GEOMETRIC_PRESENTATION_REPRESENTATION (  '', ( #3096 ), #1002 ) ;
#1355 = EDGE_CURVE ( 'NONE', #1711, #2434, #2781, .T. ) ;
#1356 = ORIENTED_EDGE ( 'NONE', *, *, #952, .F. ) ;
#1357 = CARTESIAN_POINT ( 'NONE',  ( -25.13832827460727870, 146.2250845508478108, -142.9763233154837110 ) ) ;
#1358 = LINE ( 'NONE', #3086, #437 ) ;
#1359 = VERTEX_POINT ( 'NONE', #902 ) ;
#1360 = DIRECTION ( 'NONE',  ( -0.004944046975061859930, 0.01088478573707842186, 0.9999285363659576875 ) ) ;
#1361 = FACE_OUTER_BOUND ( 'NONE', #465, .T. ) ;
#1362 = B_SPLINE_CURVE_WITH_KNOTS ( 'NONE', 3,
 ( #734, #235, #2856, #677, #2164, #1141, #3144, #1392, #958, #2679, #2664, #488, #1439, #2379, #969, #2427, #2136, #254, #1933, #2915, #1458, #3095, #1635, #3109, #692, #550, #998, #747, #1966, #776, #332, #1473, #1775, #2244, #2723, #762, #2454, #2979, #1712, #2741, #2997, #281, #1739, #2946, #269, #1230, #1724, #22, #1948, #791, #2000, #809, #2709 ),
 .UNSPECIFIED., .F., .F.,
 ( 4, 2, 2, 2, 2, 2, 1, 1, 1, 2, 2, 2, 2, 1, 1, 1, 1, 2, 2, 2, 2, 1, 1, 1, 2, 2, 2, 1, 1, 1, 2, 2, 4 ),
 ( 0.000000000000000000, 0.06249999999982752685, 0.09374999999974803488, 0.1249999999996685429, 0.1874999999995213829, 0.2187499999994405309, 0.2343749999993918753, 0.2421874999993700595, 0.2460937499993610944, 0.2480468749993558486, 0.2499999999993506306, 0.3749999999994211297, 0.4374999999994630406, 0.4687499999994867994, 0.4843749999995077271, 0.4921874999995152766, 0.4960937499995102806, 0.4980468749995077826, 0.4999999999995052846, 0.6249999999993849364, 0.6874999999993142152, 0.7187499999992794653, 0.7343749999992748023, 0.7421874999992785771, 0.7460937499992810196, 0.7499999999992834621, 0.8124999999993485211, 0.8437499999993872679, 0.8593749999994064748, 0.8671874999994235722, 0.8710937499994401145, 0.8749999999994566569, 1.000000000000000000 ),
 .UNSPECIFIED. ) ;
#1363 = DIRECTION ( 'NONE',  ( -0.004944046975061859930, 0.01088478573707840798, 0.9999285363659576875 ) ) ;
#1364 = LINE ( 'NONE', #2588, #1756 ) ;
#1365 = DIRECTION ( 'NONE',  ( -0.004943754084600615432, 0.000000000000000000, 0.9999877795731060282 ) ) ;
#1366 = VERTEX_POINT ( 'NONE', #1867 ) ;
#1367 = DIRECTION ( 'NONE',  ( 0.000000000000000000, -0.9999407575168364204, 0.01088491877118685260 ) ) ;
#1368 = CARTESIAN_POINT ( 'NONE',  ( 0.9060831996388880594, -1.994827625583525332, -183.2544173246522519 ) ) ;
#1369 = ORIENTED_EDGE ( 'NONE', *, *, #2722, .T. ) ;
#1370 = LINE ( 'NONE', #148, #296 ) ;
#1371 = ADVANCED_FACE ( 'NONE', ( #2098 ), #2145, .F. ) ;
#1372 = ADVANCED_FACE ( 'NONE', ( #1631 ), #3119, .T. ) ;
#1373 = PLANE ( 'NONE',  #294 ) ;
#1374 = ORIENTED_EDGE ( 'NONE', *, *, #383, .T. ) ;
#1375 = DIRECTION ( 'NONE',  ( -0.9999877781250670061, -5.381554972450175136E-05, -0.004943754077442179262 ) ) ;
#1376 = CARTESIAN_POINT ( 'NONE',  ( -30.74842988961209045, 150.9653135561748627, -155.4249689690523155 ) ) ;
#1377 = DIRECTION ( 'NONE',  ( -0.004944046975061859930, 0.01088478573707841665, 0.9999285363659575765 ) ) ;
#1378 = ORIENTED_EDGE ( 'NONE', *, *, #931, .F. ) ;
#1379 = DIRECTION ( 'NONE',  ( 0.9999877781250671172, 5.381554972537290103E-05, 0.004943754077442170589 ) ) ;
#1380 = CIRCLE ( 'NONE', #1940, 1.999999999999990896 ) ;
#1381 = CARTESIAN_POINT ( 'NONE',  ( -5.764745313825156536, 164.7348264575746271, -155.7147500032575635 ) ) ;
#1382 = VECTOR ( 'NONE', #270, 1000.000000000000114 ) ;
#1383 = CARTESIAN_POINT ( 'NONE',  ( 0.1678706110031573384, 171.8005749491937308, -142.1468551057240859 ) ) ;
#1384 = EDGE_CURVE ( 'NONE', #1875, #2903, #3135, .T. ) ;
#1385 = ORIENTED_EDGE ( 'NONE', *, *, #1737, .F. ) ;
#1386 = DIRECTION ( 'NONE',  ( 0.000000000000000000, -0.9999407575168363094, 0.01088491877120073038 ) ) ;
#1387 = ORIENTED_EDGE ( 'NONE', *, *, #1571, .F. ) ;
#1388 = CARTESIAN_POINT ( 'NONE',  ( -26.60562477829399342, 151.4254974307595489, -184.0604414686250720 ) ) ;
#1389 = CIRCLE ( 'NONE', #1902, 9.999999999999992895 ) ;
#1390 = CARTESIAN_POINT ( 'NONE',  ( 12.59123952544936209, 211.6100219733788492, -130.7908216640330750 ) ) ;
#1391 = AXIS2_PLACEMENT_3D ( 'NONE', #851, #1818, #2547 ) ;
#1392 = CARTESIAN_POINT ( 'NONE',  ( -18.16708887662707284, 163.3849310199230729, -152.6101080623522250 ) ) ;
#1393 = CARTESIAN_POINT ( 'NONE',  ( -30.04756065946968846, 145.3603573428814002, -190.0118661214182794 ) ) ;
#1394 = VERTEX_POINT ( 'NONE', #167 ) ;
#1395 = CARTESIAN_POINT ( 'NONE',  ( 11.35560995543153240, 172.4698364755249713, -180.1015395448326615 ) ) ;
#1396 = VECTOR ( 'NONE', #1617, 1000.000000000000227 ) ;
#1397 = FACE_OUTER_BOUND ( 'NONE', #510, .T. ) ;
#1398 = AXIS2_PLACEMENT_3D ( 'NONE', #2347, #2798, #889 ) ;
#1399 = ORIENTED_EDGE ( 'NONE', *, *, #1139, .T. ) ;
#1400 = DIRECTION ( 'NONE',  ( 0.000000000000000000, 0.9999407575168363094, -0.01088491877120073038 ) ) ;
#1401 = AXIS2_PLACEMENT_3D ( 'NONE', #2183, #906, #1204 ) ;
#1402 = ORIENTED_EDGE ( 'NONE', *, *, #2276, .T. ) ;
#1403 = DIRECTION ( 'NONE',  ( -0.004943754084601015286, 0.000000000000000000, 0.9999877795731060282 ) ) ;
#1404 = DIRECTION ( 'NONE',  ( 0.004944046975061859930, -0.01088478573707893707, -0.9999285363659576875 ) ) ;
#1405 = CARTESIAN_POINT ( 'NONE',  ( -9.009080478446321649, 166.4065778246838647, -152.2214209100415871 ) ) ;
#1406 = EDGE_CURVE ( 'NONE', #3104, #2996, #1881, .T. ) ;
#1407 = LINE ( 'NONE', #2440, #2775 ) ;
#1408 = ORIENTED_EDGE ( 'NONE', *, *, #1272, .F. ) ;
#1409 = LINE ( 'NONE', #1155, #996 ) ;
#1410 = ADVANCED_FACE ( 'NONE', ( #2760 ), #643, .T. ) ;
#1411 = ADVANCED_FACE ( 'NONE', ( #673 ), #1373, .F. ) ;
#1412 = CARTESIAN_POINT ( 'NONE',  ( -26.18697026429750352, 145.3605651052150449, -189.9927800786436478 ) ) ;
#1413 = EDGE_LOOP ( 'NONE', ( #536, #700, #1662, #1669 ) ) ;
#1414 = LINE ( 'NONE', #680, #1704 ) ;
#1415 = CARTESIAN_POINT ( 'NONE',  ( -9.747425933343015103, 221.9682552989809210, -160.4323742245086919 ) ) ;
#1416 = ORIENTED_EDGE ( 'NONE', *, *, #1996, .T. ) ;
#1417 = CARTESIAN_POINT ( 'NONE',  ( 26.71655331824852553, 151.2503795360642300, -155.7120990051955403 ) ) ;
#1418 = ORIENTED_EDGE ( 'NONE', *, *, #2016, .F. ) ;
#1419 = CARTESIAN_POINT ( 'NONE',  ( -27.39131169295933077, 150.7291201773645355, -156.1627595376996851 ) ) ;
#1420 = CARTESIAN_POINT ( 'NONE',  ( 0.4051848658061359409, 132.3627663464338013, -189.7198094524962926 ) ) ;
#1421 = CARTESIAN_POINT ( 'NONE',  ( 26.24970169736213066, 145.8808662210521163, -142.1954282707642960 ) ) ;
#1422 = VERTEX_POINT ( 'NONE', #2852 ) ;
#1423 = CARTESIAN_POINT ( 'NONE',  ( -22.97629522885115705, 160.1914545703585873, -155.1358464014357708 ) ) ;
#1424 = LINE ( 'NONE', #2443, #1382 ) ;
#1425 = EDGE_CURVE ( 'NONE', #2919, #1529, #2530, .T. ) ;
#1426 = ADVANCED_FACE ( 'NONE', ( #1110 ), #1121, .F. ) ;
#1427 = EDGE_LOOP ( 'NONE', ( #593, #704, #2607, #3046 ) ) ;
#1428 = LINE ( 'NONE', #1638, #2987 ) ;
#1429 = SURFACE_SIDE_STYLE ('',( #697 ) ) ;
#1430 = CIRCLE ( 'NONE', #2255, 4.000000000000008882 ) ;
#1431 = ORIENTED_EDGE ( 'NONE', *, *, #1547, .F. ) ;
#1432 = CARTESIAN_POINT ( 'NONE',  ( 27.67802813512748017, 150.7309098045551821, -155.9983558148801421 ) ) ;
#1433 = AXIS2_PLACEMENT_3D ( 'NONE', #1157, #3051, #2603 ) ;
#1434 = ORIENTED_EDGE ( 'NONE', *, *, #1273, .T. ) ;
#1435 = CARTESIAN_POINT ( 'NONE',  ( 11.38033019030677906, 163.3925901095456368, -185.0029637186372611 ) ) ;
#1436 = CARTESIAN_POINT ( 'NONE',  ( 0.1678706110031576715, 132.8852360618129467, -141.7232397069533079 ) ) ;
#1437 = CARTESIAN_POINT ( 'NONE',  ( 0.1678706110031578380, 145.8844659095318548, -141.8647436509788520 ) ) ;
#1438 = DIRECTION ( 'NONE',  ( -0.9999877781250671172, -5.381554972442068014E-05, -0.004943754077442179262 ) ) ;
#1439 = CARTESIAN_POINT ( 'NONE',  ( -18.36948755610357154, 163.0259020085772761, -152.5550581473765988 ) ) ;
#1440 = DIRECTION ( 'NONE',  ( 0.000000000000000000, 0.9999407575168363094, -0.01088491877120073038 ) ) ;
#1441 = VECTOR ( 'NONE', #1903, 1000.000000000000114 ) ;
#1442 = ORIENTED_EDGE ( 'NONE', *, *, #1042, .F. ) ;
#1443 = CARTESIAN_POINT ( 'NONE',  ( 26.56871976253316703, 150.7873252950261644, -189.7910081715080253 ) ) ;
#1444 = CARTESIAN_POINT ( 'NONE',  ( 10.25232962915832502, 221.9693316099753986, -160.3334991429597949 ) ) ;
#1445 = EDGE_CURVE ( 'NONE', #1632, #2055, #871, .T. ) ;
#1446 = CIRCLE ( 'NONE', #3087, 9.999999999999992895 ) ;
#1447 = EDGE_LOOP ( 'NONE', ( #120, #658, #1993, #1823, #2873, #2691, #2804, #1575 ) ) ;
#1448 = CARTESIAN_POINT ( 'NONE',  ( 27.50779230217597515, 150.7294229659713665, -156.1349439264706689 ) ) ;
#1449 = AXIS2_PLACEMENT_3D ( 'NONE', #2458, #1236, #2215 ) ;
#1450 = ADVANCED_FACE ( 'NONE', ( #195 ), #1299, .F. ) ;
#1451 = VERTEX_POINT ( 'NONE', #1152 ) ;
#1452 = DIRECTION ( 'NONE',  ( -0.001690963655019472444, -0.9359141350837777429, 0.3522241791704560088 ) ) ;
#1453 = AXIS2_PLACEMENT_3D ( 'NONE', #1604, #2552, #2049 ) ;
#1454 = CARTESIAN_POINT ( 'NONE',  ( 23.50207434232260084, 160.0585706374048982, -167.3432007577303864 ) ) ;
#1455 = COLOUR_RGB ( '',1.000000000000000000, 1.000000000000000000, 1.000000000000000000 ) ;
#1456 = CARTESIAN_POINT ( 'NONE',  ( -5.764745313825156536, 164.7348264575746271, -155.7147500032575635 ) ) ;
#1457 = VERTEX_POINT ( 'NONE', #352 ) ;
#1458 = CARTESIAN_POINT ( 'NONE',  ( -18.77543612579874832, 162.2941747767184495, -152.3737465060093257 ) ) ;
#1459 = CARTESIAN_POINT ( 'NONE',  ( 21.13021388320629157, 240.7673271374613648, -167.3541520788475907 ) ) ;
#1460 = DIRECTION ( 'NONE',  ( 0.004944046975061859930, -0.01088478573707893707, -0.9999285363659576875 ) ) ;
#1461 = VERTEX_POINT ( 'NONE', #2327 ) ;
#1462 = DIRECTION ( 'NONE',  ( 0.004645884459284523905, -0.3522282340390552879, -0.9359026054581318643 ) ) ;
#1463 = PRODUCT_CONTEXT ( 'NONE', #1240, 'mechanical' ) ;
#1464 = EDGE_LOOP ( 'NONE', ( #2797, #2521, #192, #2753 ) ) ;
#1465 = CARTESIAN_POINT ( 'NONE',  ( 25.37130704589472785, 146.4019330157260015, -142.7458321616755086 ) ) ;
#1466 = ORIENTED_EDGE ( 'NONE', *, *, #298, .T. ) ;
#1467 = CARTESIAN_POINT ( 'NONE',  ( -10.64412116332021974, 163.4458300961371719, -180.1120836265112359 ) ) ;
#1468 = ADVANCED_FACE ( 'NONE', ( #2820 ), #2132, .F. ) ;
#1469 = EDGE_CURVE ( 'NONE', #1160, #210, #917, .T. ) ;
#1470 = CARTESIAN_POINT ( 'NONE',  ( 18.21956311049256882, 192.9712510466139292, -152.7888054757033842 ) ) ;
#1471 = FILL_AREA_STYLE_COLOUR ( '', #2624 ) ;
#1472 = ORIENTED_EDGE ( 'NONE', *, *, #1027, .T. ) ;
#1473 = CARTESIAN_POINT ( 'NONE',  ( -19.19106170118837795, 161.5290863196339046, -152.0569532320852204 ) ) ;
#1474 = CARTESIAN_POINT ( 'NONE',  ( 18.21956311049256882, 192.9712510466139292, -152.7888054757033842 ) ) ;
#1475 = DIRECTION ( 'NONE',  ( -8.882399554991038355E-16, -0.9999407575168363094, 0.01088491877119430150 ) ) ;
#1476 = ORIENTED_EDGE ( 'NONE', *, *, #1156, .F. ) ;
#1477 = DIRECTION ( 'NONE',  ( -0.004944046975061859930, 0.01088478573707840798, 0.9999285363659576875 ) ) ;
#1478 = ORIENTED_EDGE ( 'NONE', *, *, #2807, .F. ) ;
#1479 = CARTESIAN_POINT ( 'NONE',  ( 19.66438319921173772, 161.4566158891819896, -151.8192403308345604 ) ) ;
#1480 = UNCERTAINTY_MEASURE_WITH_UNIT (LENGTH_MEASURE( 1.000000000000000082E-05 ), #274, 'distance_accuracy_value', 'NONE');
#1481 = ORIENTED_EDGE ( 'NONE', *, *, #1733, .T. ) ;
#1482 = CARTESIAN_POINT ( 'NONE',  ( 11.37672156371052701, 162.5036886606651478, -184.2633599367927957 ) ) ;
#1483 = CARTESIAN_POINT ( 'NONE',  ( 25.55423678397202281, 145.9991959434541116, -179.7431880072159345 ) ) ;
#1484 = AXIS2_PLACEMENT_3D ( 'NONE', #558, #1268, #3003 ) ;
#1485 = ADVANCED_FACE ( 'NONE', ( #152 ), #2086, .F. ) ;
#1486 = LINE ( 'NONE', #85, #2124 ) ;
#1487 = CIRCLE ( 'NONE', #733, 35.94690529099798226 ) ;
#1488 = EDGE_CURVE ( 'NONE', #903, #1711, #1747, .T. ) ;
#1489 = DIRECTION ( 'NONE',  ( 0.000000000000000000, -0.3522246827390664303, -0.9359154731434692343 ) ) ;
#1490 = CARTESIAN_POINT ( 'NONE',  ( 31.35194302764491425, 150.7342385396453608, -155.6925622708486685 ) ) ;
#1491 = ORIENTED_EDGE ( 'NONE', *, *, #2078, .F. ) ;
#1492 = CYLINDRICAL_SURFACE ( 'NONE', #1244, 0.9999999999999953371 ) ;
#1493 = VECTOR ( 'NONE', #232, 1000.000000000000227 ) ;
#1494 = ORIENTED_EDGE ( 'NONE', *, *, #204, .T. ) ;
#1495 = CARTESIAN_POINT ( 'NONE',  ( 18.58912275448738427, 163.4169274471407505, -152.4309077493520590 ) ) ;
#1496 = CIRCLE ( 'NONE', #1750, 34.10000000000002984 ) ;
#1497 = CYLINDRICAL_SURFACE ( 'NONE', #1350, 1.999999999999990896 ) ;
#1498 = VECTOR ( 'NONE', #2608, 1000.000000000000114 ) ;
#1499 = ORIENTED_EDGE ( 'NONE', *, *, #2117, .F. ) ;
#1500 = CARTESIAN_POINT ( 'NONE',  ( -27.71671977773953088, 151.6734115448641376, -155.0665612584873827 ) ) ;
#1501 = CARTESIAN_POINT ( 'NONE',  ( 6.355671064806058368, 168.4698043677091164, -180.0827186401350843 ) ) ;
#1502 = AXIS2_PLACEMENT_3D ( 'NONE', #59, #2005, #2950 ) ;
#1503 = CIRCLE ( 'NONE', #504, 9.999999999999992895 ) ;
#1504 = DIRECTION ( 'NONE',  ( 0.9999877781250670061, 5.381554972450341154E-05, 0.004943754077442331918 ) ) ;
#1505 = EDGE_CURVE ( 'NONE', #2651, #1461, #1955, .T. ) ;
#1506 = AXIS2_PLACEMENT_3D ( 'NONE', #1368, #2077, #3054 ) ;
#1507 = CARTESIAN_POINT ( 'NONE',  ( -30.93842321134280127, 150.8628639431844931, -143.8764168172556879 ) ) ;
#1508 = DIRECTION ( 'NONE',  ( 0.000000000000000000, -0.9999407575168363094, 0.01088491877119234473 ) ) ;
#1509 = ORIENTED_EDGE ( 'NONE', *, *, #440, .T. ) ;
#1510 = CARTESIAN_POINT ( 'NONE',  ( 13.38030574655694416, 168.0664106750329267, -185.0439522101536340 ) ) ;
#1511 = EDGE_CURVE ( 'NONE', #728, #1333, #1520, .T. ) ;
#1512 = EDGE_CURVE ( 'NONE', #475, #1366, #514, .T. ) ;
#1513 = LINE ( 'NONE', #1079, #233 ) ;
#1514 = ORIENTED_EDGE ( 'NONE', *, *, #43, .T. ) ;
#1515 = CARTESIAN_POINT ( 'NONE',  ( 19.42275644623422792, 161.9089377877481297, -152.0407886213308188 ) ) ;
#1516 = DIRECTION ( 'NONE',  ( 0.000000000000000000, 0.9999407575168363094, -0.01088491877120073038 ) ) ;
#1517 = ORIENTED_EDGE ( 'NONE', *, *, #1231, .T. ) ;
#1518 = CARTESIAN_POINT ( 'NONE',  ( -18.95687032497506763, 194.1461028609131176, -152.9796150811571636 ) ) ;
#1519 = FACE_OUTER_BOUND ( 'NONE', #1151, .T. ) ;
#1520 = B_SPLINE_CURVE_WITH_KNOTS ( 'NONE', 3,
 ( #2661, #2675, #2423, #951 ),
 .UNSPECIFIED., .F., .F.,
 ( 4, 4 ),
 ( 0.05127594711265975186, 0.05196443147315776834 ),
 .UNSPECIFIED. ) ;
#1521 = ORIENTED_EDGE ( 'NONE', *, *, #2843, .T. ) ;
#1522 = CYLINDRICAL_SURFACE ( 'NONE', #2839, 31.99999999999998934 ) ;
#1523 = CARTESIAN_POINT ( 'NONE',  ( 11.35560995543153240, 172.4698364755249713, -180.1015395448326615 ) ) ;
#1524 = CARTESIAN_POINT ( 'NONE',  ( 30.82260597077289432, 151.6228519328797972, -154.7765690276562225 ) ) ;
#1525 = ORIENTED_EDGE ( 'NONE', *, *, #2746, .F. ) ;
#1526 = CARTESIAN_POINT ( 'NONE',  ( 0.3508003490804555979, 132.4824989895415968, -178.7205955524707690 ) ) ;
#1527 = CARTESIAN_POINT ( 'NONE',  ( 28.42754297656138363, 151.7441256095335405, -154.7897313102183148 ) ) ;
#1528 = ADVANCED_FACE ( 'NONE', ( #742, #2912 ), #1663, .F. ) ;
#1529 = VERTEX_POINT ( 'NONE', #468 ) ;
#1530 = CARTESIAN_POINT ( 'NONE',  ( 6.405111534556676922, 168.3609565103382977, -190.0820040037946228 ) ) ;
#1531 = LINE ( 'NONE', #2782, #308 ) ;
#1532 = CARTESIAN_POINT ( 'NONE',  ( -22.23038058572456421, 238.6217834650879865, -171.0358677115634976 ) ) ;
#1533 = ORIENTED_EDGE ( 'NONE', *, *, #629, .T. ) ;
#1534 = DIRECTION ( 'NONE',  ( -5.328805985588574485E-15, 0.9999407575168361983, -0.01088491877119452528 ) ) ;
#1535 = CARTESIAN_POINT ( 'NONE',  ( 0.1621951361393628999, 132.8977311550352169, -140.5753806145212366 ) ) ;
#1536 = ORIENTED_EDGE ( 'NONE', *, *, #1273, .F. ) ;
#1537 = AXIS2_PLACEMENT_3D ( 'NONE', #149, #1108, #639 ) ;
#1538 = DIRECTION ( 'NONE',  ( 0.000000000000000000, -0.01088491877120073038, -0.9999407575168363094 ) ) ;
#1539 = DIRECTION ( 'NONE',  ( 3.753510073709703027E-16, 0.9999407575168364204, -0.01088491877119481324 ) ) ;
#1540 = DIRECTION ( 'NONE',  ( 0.000000000000000000, 0.9999407575168363094, -0.01088491877119520876 ) ) ;
#1541 = ORIENTED_EDGE ( 'NONE', *, *, #2417, .F. ) ;
#1542 = DIRECTION ( 'NONE',  ( 0.000000000000000000, 0.9999407575168364204, -0.01088491877119371690 ) ) ;
#1543 = CARTESIAN_POINT ( 'NONE',  ( 28.42754297656138363, 151.7441256095335405, -154.7897313102183148 ) ) ;
#1544 = AXIS2_PLACEMENT_3D ( 'NONE', #959, #2638, #1440 ) ;
#1545 = VERTEX_POINT ( 'NONE', #2451 ) ;
#1546 = CARTESIAN_POINT ( 'NONE',  ( 25.64796595351839059, 145.8095266913049102, -188.7413031346113996 ) ) ;
#1547 = EDGE_CURVE ( 'NONE', #577, #870, #527, .T. ) ;
#1548 = CARTESIAN_POINT ( 'NONE',  ( 26.43530295138169706, 146.4721883119733548, -179.7439804519136999 ) ) ;
#1549 = AXIS2_PLACEMENT_3D ( 'NONE', #2302, #3055, #376 ) ;
#1550 = EDGE_LOOP ( 'NONE', ( #1743, #914, #2460, #746 ) ) ;
#1551 = CARTESIAN_POINT ( 'NONE',  ( -26.90640109579368655, 150.7352211971241047, -155.6022906496727387 ) ) ;
#1552 = CARTESIAN_POINT ( 'NONE',  ( 0.2098950102911827931, 132.7927153830478062, -150.2226322660638402 ) ) ;
#1553 = EDGE_CURVE ( 'NONE', #107, #1888, #1199, .T. ) ;
#1554 = ORIENTED_EDGE ( 'NONE', *, *, #220, .F. ) ;
#1555 = AXIS2_PLACEMENT_3D ( 'NONE', #273, #223, #2920 ) ;
#1556 = DIRECTION ( 'NONE',  ( 0.004645884459284524773, -0.3522282340390545108, -0.9359026054581320864 ) ) ;
#1557 = VECTOR ( 'NONE', #1591, 1000.000000000000227 ) ;
#1558 = CARTESIAN_POINT ( 'NONE',  ( -11.61938870656998013, 163.1555756219765385, -185.1141034998155135 ) ) ;
#1559 = ORIENTED_EDGE ( 'NONE', *, *, #241, .F. ) ;
#1560 = CARTESIAN_POINT ( 'NONE',  ( 27.50486256746036062, 150.7294919157740480, -156.1286098674507343 ) ) ;
#1561 = AXIS2_PLACEMENT_3D ( 'NONE', #379, #1556, #2099 ) ;
#1562 = DIRECTION ( 'NONE',  ( 0.000000000000000000, 0.9999407575168361983, -0.01088491877119720369 ) ) ;
#1563 = VERTEX_POINT ( 'NONE', #2176 ) ;
#1564 = CARTESIAN_POINT ( 'NONE',  ( 0.9011391526636679528, 150.4270369829569916, -183.9135682114805377 ) ) ;
#1565 = CARTESIAN_POINT ( 'NONE',  ( -27.96325653320323568, 151.7410908705682857, -155.0685169625083120 ) ) ;
#1566 = CARTESIAN_POINT ( 'NONE',  ( 21.13021388320629157, 210.4491448998816168, -155.9438624541173226 ) ) ;
#1567 = ORIENTED_EDGE ( 'NONE', *, *, #1920, .T. ) ;
#1568 = CARTESIAN_POINT ( 'NONE',  ( -26.27407425381126060, 150.7246647923199419, -156.5720525410564505 ) ) ;
#1569 = DIRECTION ( 'NONE',  ( 0.000000000000000000, -0.9999407575168361983, 0.01088491877119450273 ) ) ;
#1570 = EDGE_CURVE ( 'NONE', #962, #1451, #547, .T. ) ;
#1571 = EDGE_CURVE ( 'NONE', #1262, #1457, #718, .T. ) ;
#1572 = ORIENTED_EDGE ( 'NONE', *, *, #2883, .F. ) ;
#1573 = CARTESIAN_POINT ( 'NONE',  ( 27.22317667787895701, 150.7223499339762327, -156.7847065126522068 ) ) ;
#1574 = DIRECTION ( 'NONE',  ( 0.000000000000000000, 0.9359127059959950756, -0.3522320353903856671 ) ) ;
#1575 = ORIENTED_EDGE ( 'NONE', *, *, #3077, .F. ) ;
#1576 = CARTESIAN_POINT ( 'NONE',  ( 22.72116694178845009, 191.5210686553560038, -153.0863062961803109 ) ) ;
#1577 = FACE_OUTER_BOUND ( 'NONE', #1987, .T. ) ;
#1578 = VERTEX_POINT ( 'NONE', #2190 ) ;
#1579 = FACE_OUTER_BOUND ( 'NONE', #95, .T. ) ;
#1580 = CARTESIAN_POINT ( 'NONE',  ( -8.307801502339453137, 165.6513164069197614, -155.1227531699536257 ) ) ;
#1581 = CARTESIAN_POINT ( 'NONE',  ( -17.78659093774644262, 164.0490555466560636, -152.6519917664915909 ) ) ;
#1582 = ORIENTED_EDGE ( 'NONE', *, *, #1666, .T. ) ;
#1583 = CARTESIAN_POINT ( 'NONE',  ( -25.02567772993830530, 146.3992208411379750, -142.9949855057728314 ) ) ;
#1584 = CARTESIAN_POINT ( 'NONE',  ( 22.70258340395131214, 203.1766559424617355, -153.1990458731187914 ) ) ;
#1585 = ORIENTED_EDGE ( 'NONE', *, *, #2472, .F. ) ;
#1586 = DIRECTION ( 'NONE',  ( 0.004645884459284571610, -0.3522282340390545663, -0.9359026054581320864 ) ) ;
#1587 = EDGE_CURVE ( 'NONE', #2848, #1212, #2438, .T. ) ;
#1588 = CARTESIAN_POINT ( 'NONE',  ( 6.468195806488409971, 164.7359720175946620, -155.6095133746451324 ) ) ;
#1589 = AXIS2_PLACEMENT_3D ( 'NONE', #1501, #346, #2466 ) ;
#1590 = B_SPLINE_CURVE_WITH_KNOTS ( 'NONE', 3,
 ( #183, #2662, #1137, #1680, #904, #2630, #2614, #1202, #1405, #2115, #1869, #2648, #2600, #3107, #2854, #1901 ),
 .UNSPECIFIED., .F., .F.,
 ( 4, 2, 2, 2, 2, 2, 2, 4 ),
 ( 0.000000000000000000, 0.0004003878806596433411, 0.0008007757613192866821, 0.001601551522638574882, 0.002001939403298191606, 0.002402327283957808764, 0.002802715164617425921, 0.003203103045277043079 ),
 .UNSPECIFIED. ) ;
#1591 = DIRECTION ( 'NONE',  ( -0.9999877781250670061, -5.381554972760955590E-05, -0.004943754077446643573 ) ) ;
#1592 = EDGE_CURVE ( 'NONE', #2413, #1238, #2862, .T. ) ;
#1593 = CARTESIAN_POINT ( 'NONE',  ( 6.219709772991966368, 172.7688990055459328, -152.6282235651788710 ) ) ;
#1594 = EDGE_LOOP ( 'NONE', ( #713, #3052, #1848, #1525 ) ) ;
#1595 = CARTESIAN_POINT ( 'NONE',  ( 27.35666594620552061, 151.4284014765921711, -183.7936619132813689 ) ) ;
#1596 = DIRECTION ( 'NONE',  ( -0.004645884459284525640, 0.3522282340390544553, 0.9359026054581321974 ) ) ;
#1597 = VECTOR ( 'NONE', #1133, 1000.000000000000227 ) ;
#1598 = ORIENTED_EDGE ( 'NONE', *, *, #2554, .F. ) ;
#1599 = CARTESIAN_POINT ( 'NONE',  ( -26.25279899888348822, 145.8813744754368997, -142.1487375893564433 ) ) ;
#1600 = CYLINDRICAL_SURFACE ( 'NONE', #1537, 9.999999999999992895 ) ;
#1601 = AXIS2_PLACEMENT_3D ( 'NONE', #1919, #1185, #501 ) ;
#1602 = EDGE_LOOP ( 'NONE', ( #633, #596, #2048, #3004, #2708, #1582 ) ) ;
#1603 = CARTESIAN_POINT ( 'NONE',  ( 42.16070873653652029, 145.9013635851270294, -140.3124422613132651 ) ) ;
#1604 = CARTESIAN_POINT ( 'NONE',  ( 6.316118689005675968, 168.5568826536055269, -172.0832903492304524 ) ) ;
#1605 = CIRCLE ( 'NONE', #2879, 29.60000000000000853 ) ;
#1606 = CARTESIAN_POINT ( 'NONE',  ( 7.137274229311691087, 164.8349587668448635, -155.4118674685425958 ) ) ;
#1607 = CIRCLE ( 'NONE', #2325, 1.999999999999990896 ) ;
#1608 = CARTESIAN_POINT ( 'NONE',  ( 27.36160999318057563, 151.4175166908551091, -184.7935904496473256 ) ) ;
#1609 = CARTESIAN_POINT ( 'NONE',  ( 26.82585454787176005, 145.3650876275484620, -189.5773195223432310 ) ) ;
#1610 = EDGE_CURVE ( 'NONE', #2848, #77, #1496, .T. ) ;
#1611 = AXIS2_PLACEMENT_3D ( 'NONE', #2773, #1586, #3075 ) ;
#1612 = EDGE_CURVE ( 'NONE', #28, #107, #1607, .T. ) ;
#1613 = ORIENTED_EDGE ( 'NONE', *, *, #2376, .T. ) ;
#1614 = LINE ( 'NONE', #1564, #1752 ) ;
#1615 = CARTESIAN_POINT ( 'NONE',  ( 8.775440661963411770, 165.7866313388913113, -151.7110947579940898 ) ) ;
#1616 = ORIENTED_EDGE ( 'NONE', *, *, #2417, .T. ) ;
#1617 = DIRECTION ( 'NONE',  ( 0.9999877781250670061, 5.381554972452629498E-05, 0.004943754077442179262 ) ) ;
#1618 = ORIENTED_EDGE ( 'NONE', *, *, #2237, .F. ) ;
#1619 = DIRECTION ( 'NONE',  ( -8.135166451122292357E-16, 0.9999407575168364204, -0.01088491877119481671 ) ) ;
#1620 = CARTESIAN_POINT ( 'NONE',  ( 9.576227742330711834, 166.5844166705409748, -152.2862445869831163 ) ) ;
#1621 = CARTESIAN_POINT ( 'NONE',  ( 0.7627058373620371201, 150.7318109835949258, -155.9155691932565730 ) ) ;
#1622 = CARTESIAN_POINT ( 'NONE',  ( -10.63388998982856393, 238.6224075442317201, -170.9785368132049541 ) ) ;
#1623 = CARTESIAN_POINT ( 'NONE',  ( -30.04756065946968846, 147.3602388579151068, -190.0336359589607014 ) ) ;
#1624 = ORIENTED_EDGE ( 'NONE', *, *, #773, .F. ) ;
#1625 = DIRECTION ( 'NONE',  ( -0.004944046975061725489, 0.01088478573708189651, 0.9999285363659575765 ) ) ;
#1626 = LINE ( 'NONE', #2127, #1814 ) ;
#1627 = EDGE_CURVE ( 'NONE', #1366, #695, #2102, .T. ) ;
#1628 = VERTEX_POINT ( 'NONE', #2972 ) ;
#1629 = DIRECTION ( 'NONE',  ( 0.9999877781250672282, 5.381554972452630176E-05, 0.004943754077442180130 ) ) ;
#1630 = ORIENTED_EDGE ( 'NONE', *, *, #1174, .F. ) ;
#1631 = FACE_OUTER_BOUND ( 'NONE', #2430, .T. ) ;
#1632 = VERTEX_POINT ( 'NONE', #821 ) ;
#1633 = CARTESIAN_POINT ( 'NONE',  ( 0.1678706110031574494, 132.8852360618129751, -141.7232397069532794 ) ) ;
#1634 = DIRECTION ( 'NONE',  ( -3.469446951953616555E-15, -0.9359127059959955197, 0.3522320353903848900 ) ) ;
#1635 = CARTESIAN_POINT ( 'NONE',  ( -18.88343993445476698, 162.0971890398484447, -152.3053243779404511 ) ) ;
#1636 = CARTESIAN_POINT ( 'NONE',  ( -17.78988499595997652, 192.9792009289104726, -152.9669126958925176 ) ) ;
#1637 = VERTEX_POINT ( 'NONE', #1788 ) ;
#1638 = CARTESIAN_POINT ( 'NONE',  ( 42.40467154705881825, 145.3642564472407344, -189.6536757252692666 ) ) ;
#1639 = AXIS2_PLACEMENT_3D ( 'NONE', #2053, #356, #800 ) ;
#1640 = CARTESIAN_POINT ( 'NONE',  ( -25.02567772993830530, 146.3992208411379750, -142.9949855057728314 ) ) ;
#1641 = VERTEX_POINT ( 'NONE', #2013 ) ;
#1642 = DIRECTION ( 'NONE',  ( 0.004645884459284523905, -0.3522282340390577304, -0.9359026054581307541 ) ) ;
#1643 = ADVANCED_FACE ( 'NONE', ( #2787, #2549, #329 ), #68, .F. ) ;
#1644 = AXIS2_PLACEMENT_3D ( 'NONE', #1015, #1539, #87 ) ;
#1645 = ORIENTED_EDGE ( 'NONE', *, *, #457, .F. ) ;
#1646 = DIRECTION ( 'NONE',  ( 1.800672583906227835E-17, 0.9999407575168364204, -0.01088491877119480977 ) ) ;
#1647 = ADVANCED_FACE ( 'NONE', ( #1735 ), #485, .F. ) ;
#1648 = EDGE_CURVE ( 'NONE', #976, #455, #1754, .T. ) ;
#1649 = ORIENTED_EDGE ( 'NONE', *, *, #684, .F. ) ;
#1650 = CARTESIAN_POINT ( 'NONE',  ( -11.61938870656998546, 166.3331170897118341, -185.1486928297417194 ) ) ;
#1651 = VECTOR ( 'NONE', #2344, 1000.000000000000227 ) ;
#1652 = DIRECTION ( 'NONE',  ( 0.004645884459284525640, -0.3522282340390578970, -0.9359026054581307541 ) ) ;
#1653 = AXIS2_PLACEMENT_3D ( 'NONE', #3068, #3036, #2592 ) ;
#1654 = CARTESIAN_POINT ( 'NONE',  ( -22.21814131638438994, 195.5695797573594632, -165.5179233062628157 ) ) ;
#1655 = ORIENTED_EDGE ( 'NONE', *, *, #1995, .T. ) ;
#1656 = LINE ( 'NONE', #508, #2380 ) ;
#1657 = AXIS2_PLACEMENT_3D ( 'NONE', #2169, #1700, #1925 ) ;
#1658 = VERTEX_POINT ( 'NONE', #988 ) ;
#1659 = AXIS2_PLACEMENT_3D ( 'NONE', #1388, #2162, #2374 ) ;
#1660 = VERTEX_POINT ( 'NONE', #2517 ) ;
#1661 = CARTESIAN_POINT ( 'NONE',  ( 20.20324166658704357, 160.4233672380153450, -150.6220215591908413 ) ) ;
#1662 = ORIENTED_EDGE ( 'NONE', *, *, #2823, .F. ) ;
#1663 = CYLINDRICAL_SURFACE ( 'NONE', #2062, 1.699999999999987299 ) ;
#1664 = DIRECTION ( 'NONE',  ( -0.9999877781250670061, -5.381554972452654571E-05, -0.004943754077442179262 ) ) ;
#1665 = CARTESIAN_POINT ( 'NONE',  ( 25.46968195106870070, 146.2186893942785559, -142.7433510466564712 ) ) ;
#1666 = EDGE_CURVE ( 'NONE', #2267, #637, #331, .T. ) ;
#1667 = EDGE_CURVE ( 'NONE', #74, #1127, #894, .T. ) ;
#1668 = DIRECTION ( 'NONE',  ( 0.9999877781250671172, 5.381554972467454608E-05, 0.004943754077460013954 ) ) ;
#1669 = ORIENTED_EDGE ( 'NONE', *, *, #813, .F. ) ;
#1670 = CARTESIAN_POINT ( 'NONE',  ( -11.13994648233861184, 162.8272595336974007, -185.0231653156311893 ) ) ;
#1671 = LINE ( 'NONE', #2166, #393 ) ;
#1672 = ORIENTED_EDGE ( 'NONE', *, *, #2861, .F. ) ;
#1673 = CARTESIAN_POINT ( 'NONE',  ( -25.92150358109782715, 151.1437071799057605, -157.0520617978482107 ) ) ;
#1674 = SHAPE_DEFINITION_REPRESENTATION ( #2388, #655 ) ;
#1675 = ORIENTED_EDGE ( 'NONE', *, *, #981, .T. ) ;
#1676 = CARTESIAN_POINT ( 'NONE',  ( 27.56258442865445346, 150.7299645452741004, -156.0851918585297540 ) ) ;
#1677 = ORIENTED_EDGE ( 'NONE', *, *, #2554, .T. ) ;
#1678 = CARTESIAN_POINT ( 'NONE',  ( 11.37538614333170806, 162.4768452003818879, -183.9929482957391258 ) ) ;
#1679 = FACE_OUTER_BOUND ( 'NONE', #2036, .T. ) ;
#1680 = CARTESIAN_POINT ( 'NONE',  ( -8.480290960319736726, 165.8266247914006328, -151.1533477030080235 ) ) ;
#1681 = LINE ( 'NONE', #1947, #86 ) ;
#1682 = LINE ( 'NONE', #472, #1045 ) ;
#1683 = EDGE_CURVE ( 'NONE', #1957, #44, #2095, .T. ) ;
#1684 = CARTESIAN_POINT ( 'NONE',  ( -21.01797305767444612, 161.9597964196642579, -152.6452343985840798 ) ) ;
#1685 = B_SPLINE_CURVE_WITH_KNOTS ( 'NONE', 3,
 ( #1261, #1736, #2488, #2014, #365, #807, #1071, #774, #102, #1773 ),
 .UNSPECIFIED., .F., .F.,
 ( 4, 2, 2, 2, 4 ),
 ( 3.469446951953614189E-18, 0.0005853331925781070540, 0.001170666385156210638, 0.001755999577734314223, 0.002341332770312417808 ),
 .UNSPECIFIED. ) ;
#1686 = ORIENTED_EDGE ( 'NONE', *, *, #2492, .F. ) ;
#1687 = LINE ( 'NONE', #1395, #2068 ) ;
#1688 = ADVANCED_FACE ( 'NONE', ( #1833 ), #638, .T. ) ;
#1689 = AXIS2_PLACEMENT_3D ( 'NONE', #2502, #2274, #1041 ) ;
#1690 = ORIENTED_EDGE ( 'NONE', *, *, #1511, .F. ) ;
#1691 = CARTESIAN_POINT ( 'NONE',  ( 26.70430849783566529, 150.7223220104586119, -156.7872717006844141 ) ) ;
#1692 = AXIS2_PLACEMENT_3D ( 'NONE', #3071, #2850, #3059 ) ;
#1693 = EDGE_LOOP ( 'NONE', ( #2067 ) ) ;
#1694 = CARTESIAN_POINT ( 'NONE',  ( -26.73911404662054991, 150.7194458881435821, -157.0514860679959384 ) ) ;
#1695 = CARTESIAN_POINT ( 'NONE',  ( -21.48531422379997124, 206.7787652023399119, -154.7740563941956964 ) ) ;
#1696 = DIRECTION ( 'NONE',  ( -0.004944046975061859063, 0.01088478573707840624, 0.9999285363659575765 ) ) ;
#1697 = DIRECTION ( 'NONE',  ( -0.004645884459284524773, 0.3522282340390545108, 0.9359026054581320864 ) ) ;
#1698 = FACE_OUTER_BOUND ( 'NONE', #2809, .T. ) ;
#1699 = ORIENTED_EDGE ( 'NONE', *, *, #366, .T. ) ;
#1700 = DIRECTION ( 'NONE',  ( -0.004944046975061859930, 0.01088478573707893707, 0.9999285363659576875 ) ) ;
#1701 = CARTESIAN_POINT ( 'NONE',  ( -5.644182272694745706, 170.1690578688910307, -180.1605480509754216 ) ) ;
#1702 = EDGE_CURVE ( 'NONE', #2955, #1711, #1865, .T. ) ;
#1703 = EDGE_CURVE ( 'NONE', #1394, #33, #2864, .T. ) ;
#1704 = VECTOR ( 'NONE', #2399, 1000.000000000000227 ) ;
#1705 = ORIENTED_EDGE ( 'NONE', *, *, #321, .T. ) ;
#1706 = CARTESIAN_POINT ( 'NONE',  ( 27.56048855125027686, 150.7396434959946987, -155.1960371005629611 ) ) ;
#1707 = CIRCLE ( 'NONE', #1502, 3.999999999999999112 ) ;
#1708 = VERTEX_POINT ( 'NONE', #1107 ) ;
#1709 = CARTESIAN_POINT ( 'NONE',  ( -10.64596677284694159, 162.7467493722893721, -179.7311568340637393 ) ) ;
#1710 = CARTESIAN_POINT ( 'NONE',  ( 32.65207010804441268, 148.2472937463555240, -189.7332799769947655 ) ) ;
#1711 = VERTEX_POINT ( 'NONE', #2563 ) ;
#1712 = CARTESIAN_POINT ( 'NONE',  ( -19.48974520324387072, 160.9694465794655400, -151.6722054533805135 ) ) ;
#1713 = DIRECTION ( 'NONE',  ( 0.004943754084600977122, 0.000000000000000000, -0.9999877795731061392 ) ) ;
#1714 = CARTESIAN_POINT ( 'NONE',  ( 31.10307240290483577, 151.1600020591710916, -154.9468511736320409 ) ) ;
#1715 = ORIENTED_EDGE ( 'NONE', *, *, #869, .T. ) ;
#1716 = DIRECTION ( 'NONE',  ( 0.000000000000000000, 0.9999407575168363094, -0.01088491877120073038 ) ) ;
#1717 = ORIENTED_EDGE ( 'NONE', *, *, #60, .T. ) ;
#1718 = FACE_OUTER_BOUND ( 'NONE', #2949, .T. ) ;
#1719 = EDGE_CURVE ( 'NONE', #715, #2159, #1370, .T. ) ;
#1720 = VERTEX_POINT ( 'NONE', #162 ) ;
#1721 = CARTESIAN_POINT ( 'NONE',  ( 11.37605987254053908, 162.4753619219825111, -184.1292093517357955 ) ) ;
#1722 = CARTESIAN_POINT ( 'NONE',  ( -8.644145607070086612, 170.4688786494968156, -180.1786447888391365 ) ) ;
#1723 = EDGE_LOOP ( 'NONE', ( #1851, #2045, #1007, #2701 ) ) ;
#1724 = CARTESIAN_POINT ( 'NONE',  ( -19.68834515495213466, 160.5944405589895609, -151.2435998208009664 ) ) ;
#1725 = LINE ( 'NONE', #2710, #2313 ) ;
#1726 = CARTESIAN_POINT ( 'NONE',  ( -30.13440450868840159, 151.4144224734105535, -185.0778400798410530 ) ) ;
#1727 = ORIENTED_EDGE ( 'NONE', *, *, #2883, .T. ) ;
#1728 = DIRECTION ( 'NONE',  ( 0.9999877781250671172, 5.381554972448722982E-05, 0.004943754077442805497 ) ) ;
#1729 = VERTEX_POINT ( 'NONE', #409 ) ;
#1730 = CARTESIAN_POINT ( 'NONE',  ( -32.07901463123524621, 148.7662926516028392, -142.0555554691406428 ) ) ;
#1731 = CARTESIAN_POINT ( 'NONE',  ( -25.99256938404053940, 151.1694918034956174, -156.5203605158178277 ) ) ;
#1732 = AXIS2_PLACEMENT_3D ( 'NONE', #1945, #1404, #2898 ) ;
#1733 = EDGE_CURVE ( 'NONE', #2267, #3060, #2060, .T. ) ;
#1734 = ORIENTED_EDGE ( 'NONE', *, *, #3040, .T. ) ;
#1735 = FACE_OUTER_BOUND ( 'NONE', #3027, .T. ) ;
#1736 = CARTESIAN_POINT ( 'NONE',  ( -11.44671084001115169, 166.4328173075149095, -185.1489243343108058 ) ) ;
#1737 = EDGE_CURVE ( 'NONE', #1127, #182, #3103, .T. ) ;
#1738 = ADVANCED_FACE ( 'NONE', ( #2817 ), #898, .F. ) ;
#1739 = CARTESIAN_POINT ( 'NONE',  ( -19.57969252743996336, 160.7995392346533379, -151.5126813596536124 ) ) ;
#1740 = AXIS2_PLACEMENT_3D ( 'NONE', #424, #2355, #1569 ) ;
#1741 = PLANE ( 'NONE',  #2872 ) ;
#1742 = CARTESIAN_POINT ( 'NONE',  ( -30.49046455029517944, 150.8339824349758658, -184.8965749001787060 ) ) ;
#1743 = ORIENTED_EDGE ( 'NONE', *, *, #525, .F. ) ;
#1744 = CARTESIAN_POINT ( 'NONE',  ( 0.2936358917923924672, 132.6083519340003249, -167.1591414650792160 ) ) ;
#1745 = VECTOR ( 'NONE', #1508, 1000.000000000000114 ) ;
#1746 = CARTESIAN_POINT ( 'NONE',  ( 9.355634399181383287, 172.4697288444255321, -180.1114270529875512 ) ) ;
#1747 = B_SPLINE_CURVE_WITH_KNOTS ( 'NONE', 3,
 ( #1678, #1721, #1482, #3137, #2928, #18, #481, #228, #1435, #262 ),
 .UNSPECIFIED., .F., .F.,
 ( 4, 2, 2, 2, 4 ),
 ( 0.000000000000000000, 0.0004028468721293760940, 0.0008056937442587521880, 0.001208540616388128174, 0.001611387488517504376 ),
 .UNSPECIFIED. ) ;
#1748 = ORIENTED_EDGE ( 'NONE', *, *, #2216, .T. ) ;
#1749 = CARTESIAN_POINT ( 'NONE',  ( 19.61837585497440983, 161.5433336195783625, -151.8675783531819263 ) ) ;
#1750 = AXIS2_PLACEMENT_3D ( 'NONE', #2881, #705, #1534 ) ;
#1751 = DIRECTION ( 'NONE',  ( 0.004645884459284533446, -0.3522282340390547883, -0.9359026054581319753 ) ) ;
#1752 = VECTOR ( 'NONE', #189, 1000.000000000000114 ) ;
#1753 = ORIENTED_EDGE ( 'NONE', *, *, #1156, .T. ) ;
#1754 = LINE ( 'NONE', #2501, #2271 ) ;
#1755 = DIRECTION ( 'NONE',  ( -9.461665283317258898E-17, 0.9999407575168363094, -0.01088491877119408986 ) ) ;
#1756 = VECTOR ( 'NONE', #826, 1000.000000000000114 ) ;
#1757 = CIRCLE ( 'NONE', #1860, 34.10000000000002984 ) ;
#1758 = ORIENTED_EDGE ( 'NONE', *, *, #668, .T. ) ;
#1759 = LINE ( 'NONE', #1279, #2433 ) ;
#1760 = PRODUCT_DEFINITION_FORMATION_WITH_SPECIFIED_SOURCE ( 'ÈÎºÎ', '', #2234, .NOT_KNOWN. ) ;
#1761 = EDGE_CURVE ( 'NONE', #1109, #1942, #2020, .T. ) ;
#1762 = CARTESIAN_POINT ( 'NONE',  ( -22.37939564068157594, 208.9911532940698464, -137.6624814656200044 ) ) ;
#1763 = PLANE ( 'NONE',  #1192 ) ;
#1764 = ORIENTED_EDGE ( 'NONE', *, *, #2705, .F. ) ;
#1765 = CARTESIAN_POINT ( 'NONE',  ( 15.63515259006526747, 165.5487896983930511, -152.5030748872142681 ) ) ;
#1766 = CARTESIAN_POINT ( 'NONE',  ( 27.22317667787893569, 151.7222906914930718, -156.7955914314233894 ) ) ;
#1767 = ORIENTED_EDGE ( 'NONE', *, *, #306, .T. ) ;
#1768 = DIRECTION ( 'NONE',  ( -0.004944046975061859930, 0.01088478573707893707, 0.9999285363659576875 ) ) ;
#1769 = CARTESIAN_POINT ( 'NONE',  ( -27.70162539274036106, 151.6692678312504938, -155.0664415191470482 ) ) ;
#1770 = CARTESIAN_POINT ( 'NONE',  ( 20.20965057279257593, 160.4111706638150565, -150.4243879213856303 ) ) ;
#1771 = ORIENTED_EDGE ( 'NONE', *, *, #221, .T. ) ;
#1772 = CARTESIAN_POINT ( 'NONE',  ( -26.78870943801996063, 151.4096791081315132, -155.4048496419258640 ) ) ;
#1773 = CARTESIAN_POINT ( 'NONE',  ( -10.62434497541997303, 168.0760038875767179, -184.1626737716462401 ) ) ;
#1774 = VERTEX_POINT ( 'NONE', #435 ) ;
#1775 = CARTESIAN_POINT ( 'NONE',  ( -19.32016746622807091, 161.2877564544473046, -151.9106376121725361 ) ) ;
#1776 = DIRECTION ( 'NONE',  ( -0.9999892078205599999, -0.001636429339282346367, -0.004348142296033721994 ) ) ;
#1777 = CARTESIAN_POINT ( 'NONE',  ( -30.20999811816320246, 151.2930158353886441, -185.0768922652211472 ) ) ;
#1778 = EDGE_CURVE ( 'NONE', #44, #679, #744, .T. ) ;
#1779 = ORIENTED_EDGE ( 'NONE', *, *, #2594, .F. ) ;
#1780 = CARTESIAN_POINT ( 'NONE',  ( 30.93176801011840027, 172.7430162852814419, -155.0059341803809332 ) ) ;
#1781 = DIRECTION ( 'NONE',  ( -0.004944046975077069118, 0.01088478573707093999, 0.9999285363659576875 ) ) ;
#1782 = EDGE_CURVE ( 'NONE', #1359, #1729, #1879, .T. ) ;
#1783 = ORIENTED_EDGE ( 'NONE', *, *, #43, .F. ) ;
#1784 = CARTESIAN_POINT ( 'NONE',  ( 18.83487411476238194, 162.9801638626723559, -152.3621251141537130 ) ) ;
#1785 = CARTESIAN_POINT ( 'NONE',  ( -26.19538785782007650, 151.2332261075437145, -156.0244035801690643 ) ) ;
#1786 = DIRECTION ( 'NONE',  ( 0.004645884459284524773, -0.3522282340390545108, -0.9359026054581320864 ) ) ;
#1787 = ORIENTED_EDGE ( 'NONE', *, *, #2514, .F. ) ;
#1788 = CARTESIAN_POINT ( 'NONE',  ( 23.37630906153336596, 160.3354547652174631, -141.9072989996045635 ) ) ;
#1789 = DIRECTION ( 'NONE',  ( 0.000000000000000000, -0.9999407575168363094, 0.01088491877119492253 ) ) ;
#1790 = CIRCLE ( 'NONE', #1692, 1.699999999999989519 ) ;
#1791 = CARTESIAN_POINT ( 'NONE',  ( 9.926833836222343166, 167.2617396195956303, -152.5363303604916894 ) ) ;
#1792 = CARTESIAN_POINT ( 'NONE',  ( 21.93498218141593981, 205.4039874850154774, -158.3150645854505569 ) ) ;
#1793 = VERTEX_POINT ( 'NONE', #2353 ) ;
#1794 = CARTESIAN_POINT ( 'NONE',  ( -30.87812338778952181, 150.7301081941651546, -156.0719955835758412 ) ) ;
#1795 = ORIENTED_EDGE ( 'NONE', *, *, #512, .T. ) ;
#1796 = CARTESIAN_POINT ( 'NONE',  ( 0.2420313156292075718, 132.7219642757570739, -156.7221677524425445 ) ) ;
#1797 = CARTESIAN_POINT ( 'NONE',  ( 18.20967501654244103, 194.9929021331217029, -150.8107182405138644 ) ) ;
#1798 = AXIS2_PLACEMENT_3D ( 'NONE', #1085, #1872, #1069 ) ;
#1799 = CARTESIAN_POINT ( 'NONE',  ( -20.78072704271784588, 218.9329031448170326, -133.7124587959329176 ) ) ;
#1800 = EDGE_CURVE ( 'NONE', #1451, #2149, #2219, .T. ) ;
#1801 = ADVANCED_FACE ( 'NONE', ( #1718 ), #799, .F. ) ;
#1802 = AXIS2_PLACEMENT_3D ( 'NONE', #2464, #1929, #34 ) ;
#1803 = VERTEX_POINT ( 'NONE', #511 ) ;
#1804 = CARTESIAN_POINT ( 'NONE',  ( -27.72455069802800409, 150.7404504510659820, -155.1219063440256889 ) ) ;
#1805 = CARTESIAN_POINT ( 'NONE',  ( 21.14879742104342597, 209.0402319637254323, -159.6874728759498225 ) ) ;
#1806 = ORIENTED_EDGE ( 'NONE', *, *, #1469, .F. ) ;
#1807 = VECTOR ( 'NONE', #2805, 1000.000000000000114 ) ;
#1808 = LINE ( 'NONE', #1573, #1150 ) ;
#1809 = CARTESIAN_POINT ( 'NONE',  ( -30.28272591794035051, 151.7409660455226685, -155.0799839888851750 ) ) ;
#1810 = VERTEX_POINT ( 'NONE', #1465 ) ;
#1811 = LINE ( 'NONE', #631, #1557 ) ;
#1812 = AXIS2_PLACEMENT_3D ( 'NONE', #2410, #1697, #1168 ) ;
#1813 = LINE ( 'NONE', #307, #2519 ) ;
#1814 = VECTOR ( 'NONE', #1596, 1000.000000000000000 ) ;
#1815 = ORIENTED_EDGE ( 'NONE', *, *, #1547, .T. ) ;
#1816 = LINE ( 'NONE', #1116, #2582 ) ;
#1817 = DIRECTION ( 'NONE',  ( 0.004944046975061859930, -0.01088478573707842532, -0.9999285363659577985 ) ) ;
#1818 = DIRECTION ( 'NONE',  ( -0.004645884459284524773, 0.3522282340390545108, 0.9359026054581320864 ) ) ;
#1819 = ORIENTED_EDGE ( 'NONE', *, *, #2412, .F. ) ;
#1820 = CARTESIAN_POINT ( 'NONE',  ( 11.35321738280195802, 162.6673974210230540, -179.5108817191399169 ) ) ;
#1821 = EDGE_CURVE ( 'NONE', #901, #1803, #2403, .T. ) ;
#1822 = DIRECTION ( 'NONE',  ( -0.004944046975061859930, 0.01088478573707893707, 0.9999285363659576875 ) ) ;
#1823 = ORIENTED_EDGE ( 'NONE', *, *, #2878, .F. ) ;
#1824 = EDGE_CURVE ( 'NONE', #1793, #328, #251, .T. ) ;
#1825 = DIRECTION ( 'NONE',  ( 0.000000000000000000, -0.9359127059959955197, 0.3522320353903848900 ) ) ;
#1826 = FACE_OUTER_BOUND ( 'NONE', #412, .T. ) ;
#1827 = CARTESIAN_POINT ( 'NONE',  ( -8.423269307339920076, 165.7793347876070129, -150.6243960319015969 ) ) ;
#1828 = LINE ( 'NONE', #401, #25 ) ;
#1829 = EDGE_LOOP ( 'NONE', ( #335, #1053, #1342, #923 ) ) ;
#1830 = LINE ( 'NONE', #2546, #355 ) ;
#1831 = CARTESIAN_POINT ( 'NONE',  ( 12.72127486358285076, 201.7513787129126968, -156.9861377179116175 ) ) ;
#1832 = VERTEX_POINT ( 'NONE', #1893 ) ;
#1833 = FACE_OUTER_BOUND ( 'NONE', #2891, .T. ) ;
#1834 = LINE ( 'NONE', #2806, #1228 ) ;
#1835 = EDGE_CURVE ( 'NONE', #1954, #1954, #2631, .T. ) ;
#1836 = EDGE_LOOP ( 'NONE', ( #941, #1235, #1645, #385 ) ) ;
#1837 = DIRECTION ( 'NONE',  ( 0.004645884459284499619, -0.3522282340390545663, -0.9359026054581320864 ) ) ;
#1838 = CARTESIAN_POINT ( 'NONE',  ( 31.49567528737447830, 151.4177391705706270, -184.7731523977014376 ) ) ;
#1839 = EDGE_CURVE ( 'NONE', #1212, #1394, #984, .T. ) ;
#1840 = EDGE_CURVE ( 'NONE', #2140, #1932, #1855, .T. ) ;
#1841 = CARTESIAN_POINT ( 'NONE',  ( -28.60697040228388488, 150.7302304190054087, -156.0607674245140970 ) ) ;
#1842 = CYLINDRICAL_SURFACE ( 'NONE', #1398, 1.000000000000002220 ) ;
#1843 = VECTOR ( 'NONE', #2334, 1000.000000000000227 ) ;
#1844 = CARTESIAN_POINT ( 'NONE',  ( -5.764745313825156536, 164.7348264575746271, -155.7147500032575635 ) ) ;
#1845 = ORIENTED_EDGE ( 'NONE', *, *, #1800, .T. ) ;
#1846 = CARTESIAN_POINT ( 'NONE',  ( -12.59465624981973697, 168.0105875420547932, -190.1721324979969552 ) ) ;
#1847 = CARTESIAN_POINT ( 'NONE',  ( 0.4051848658061360520, 132.3627663464337445, -189.7198094524963210 ) ) ;
#1848 = ORIENTED_EDGE ( 'NONE', *, *, #459, .T. ) ;
#1849 = CARTESIAN_POINT ( 'NONE',  ( 11.35066590845639922, 162.5312691290672831, -178.9933056139093424 ) ) ;
#1850 = CARTESIAN_POINT ( 'NONE',  ( 31.49073124039941618, 150.4286831987908784, -183.7623389425642983 ) ) ;
#1851 = ORIENTED_EDGE ( 'NONE', *, *, #2235, .T. ) ;
#1852 = DIRECTION ( 'NONE',  ( -0.9999877781250671172, -5.381554972451465336E-05, -0.004943754077442179262 ) ) ;
#1853 = CYLINDRICAL_SURFACE ( 'NONE', #2639, 1.999999999999990896 ) ;
#1854 = CARTESIAN_POINT ( 'NONE',  ( -30.87812338778952181, 150.7301081941651546, -156.0719955835758412 ) ) ;
#1855 = CIRCLE ( 'NONE', #500, 1.999999999999990896 ) ;
#1856 = DIRECTION ( 'NONE',  ( -0.5757505389204858881, -0.8176030052219126487, 0.006053328412338720640 ) ) ;
#1857 = EDGE_CURVE ( 'NONE', #224, #224, #2428, .T. ) ;
#1858 = VECTOR ( 'NONE', #3050, 1000.000000000000227 ) ;
#1859 = DIRECTION ( 'NONE',  ( 0.9999877781250672282, 5.381554972452630176E-05, 0.004943754077442180130 ) ) ;
#1860 = AXIS2_PLACEMENT_3D ( 'NONE', #1633, #689, #456 ) ;
#1861 = ORIENTED_EDGE ( 'NONE', *, *, #2609, .T. ) ;
#1862 = CARTESIAN_POINT ( 'NONE',  ( 22.73186822949302410, 161.7211095606052993, -154.9264981001840624 ) ) ;
#1863 = CARTESIAN_POINT ( 'NONE',  ( -8.125783843501572790, 165.5017110481824716, -155.1202246631268622 ) ) ;
#1864 = ORIENTED_EDGE ( 'NONE', *, *, #724, .T. ) ;
#1865 = LINE ( 'NONE', #130, #1498 ) ;
#1866 = ORIENTED_EDGE ( 'NONE', *, *, #530, .T. ) ;
#1867 = CARTESIAN_POINT ( 'NONE',  ( -19.78986055221009721, 194.9908571422321870, -150.9985808954566551 ) ) ;
#1868 = ORIENTED_EDGE ( 'NONE', *, *, #2078, .T. ) ;
#1869 = CARTESIAN_POINT ( 'NONE',  ( -9.200034874444025235, 166.6906978356710454, -152.4308045313009643 ) ) ;
#1870 = DIRECTION ( 'NONE',  ( 0.004645884459284524773, -0.3522282340390545108, -0.9359026054581320864 ) ) ;
#1871 = CARTESIAN_POINT ( 'NONE',  ( -11.61938870656998368, -1.995501698978157767, -183.3163409342830619 ) ) ;
#1872 = DIRECTION ( 'NONE',  ( 0.004944046975061859063, -0.01088478573707893533, -0.9999285363659576875 ) ) ;
#1873 = CYLINDRICAL_SURFACE ( 'NONE', #2670, 9.999999999999992895 ) ;
#1874 = ADVANCED_FACE ( 'NONE', ( #768 ), #841, .F. ) ;
#1875 = VERTEX_POINT ( 'NONE', #1730 ) ;
#1876 = CARTESIAN_POINT ( 'NONE',  ( -20.66927524242149516, 240.0332814783748461, -167.2853885035632118 ) ) ;
#1877 = FACE_OUTER_BOUND ( 'NONE', #543, .T. ) ;
#1878 = EDGE_CURVE ( 'NONE', #475, #2129, #359, .T. ) ;
#1879 = LINE ( 'NONE', #1383, #1396 ) ;
#1880 = ORIENTED_EDGE ( 'NONE', *, *, #2823, .T. ) ;
#1881 = LINE ( 'NONE', #2113, #1651 ) ;
#1882 = ORIENTED_EDGE ( 'NONE', *, *, #668, .F. ) ;
#1883 = CARTESIAN_POINT ( 'NONE',  ( 10.25232962915832502, 220.3782800097822019, -159.7347046827961492 ) ) ;
#1884 = SURFACE_STYLE_FILL_AREA ( #2650 ) ;
#1885 = CARTESIAN_POINT ( 'NONE',  ( -11.61938870656998013, 163.1555756219765385, -185.1141034998155135 ) ) ;
#1886 = VECTOR ( 'NONE', #994, 1000.000000000000227 ) ;
#1887 = CARTESIAN_POINT ( 'NONE',  ( -17.78658892435975147, 192.9759051197145823, -152.9668768190189496 ) ) ;
#1888 = VERTEX_POINT ( 'NONE', #634 ) ;
#1889 = CARTESIAN_POINT ( 'NONE',  ( 0.3804646309308268304, 132.4171902751191396, -184.7201667706664807 ) ) ;
#1890 = CIRCLE ( 'NONE', #533, 1.999999999999990896 ) ;
#1891 = CARTESIAN_POINT ( 'NONE',  ( 6.355671064806058368, 170.1697036554877513, -180.1012230020461118 ) ) ;
#1892 = ORIENTED_EDGE ( 'NONE', *, *, #1355, .T. ) ;
#1893 = CARTESIAN_POINT ( 'NONE',  ( -25.78801431277127065, 150.8498179650049167, -184.0501322797061903 ) ) ;
#1894 = EDGE_CURVE ( 'NONE', #616, #1904, #1614, .T. ) ;
#1895 = AXIS2_PLACEMENT_3D ( 'NONE', #1074, #566, #1489 ) ;
#1896 = EDGE_CURVE ( 'NONE', #1563, #2445, #2785, .T. ) ;
#1897 = VECTOR ( 'NONE', #1664, 1000.000000000000227 ) ;
#1898 = ORIENTED_EDGE ( 'NONE', *, *, #1571, .T. ) ;
#1899 = CARTESIAN_POINT ( 'NONE',  ( -10.64772978991646823, 162.5569286472566546, -179.3724798446667421 ) ) ;
#1900 = DIRECTION ( 'NONE',  ( 0.000000000000000000, 0.9999407575168363094, -0.01088491877119457038 ) ) ;
#1901 = CARTESIAN_POINT ( 'NONE',  ( -9.578092382732156906, 167.5132776124118266, -152.6491238219683453 ) ) ;
#1902 = AXIS2_PLACEMENT_3D ( 'NONE', #2532, #1786, #361 ) ;
#1903 = DIRECTION ( 'NONE',  ( -0.004944046975061859063, 0.01088478573707841839, 0.9999285363659575765 ) ) ;
#1904 = VERTEX_POINT ( 'NONE', #3100 ) ;
#1905 = CARTESIAN_POINT ( 'NONE',  ( -19.78986055221010787, 194.9908571422322154, -150.9985808954566835 ) ) ;
#1906 = VECTOR ( 'NONE', #173, 1000.000000000000227 ) ;
#1907 = DIRECTION ( 'NONE',  ( 0.9999877781250672282, 5.381554972452630176E-05, 0.004943754077442180130 ) ) ;
#1908 = ORIENTED_EDGE ( 'NONE', *, *, #473, .T. ) ;
#1909 = CARTESIAN_POINT ( 'NONE',  ( 31.13010596141188913, 210.4655091932744426, -155.9003810311569964 ) ) ;
#1910 = AXIS2_PLACEMENT_3D ( 'NONE', #1284, #1728, #2526 ) ;
#1911 = CIRCLE ( 'NONE', #1812, 9.999999999999992895 ) ;
#1912 = EDGE_LOOP ( 'NONE', ( #1892, #212, #801, #2620, #2924 ) ) ;
#1913 = CARTESIAN_POINT ( 'NONE',  ( 27.06941565264322946, 150.7343120564482319, -155.6858086651831172 ) ) ;
#1914 = EDGE_CURVE ( 'NONE', #715, #2945, #1816, .T. ) ;
#1915 = ORIENTED_EDGE ( 'NONE', *, *, #3111, .T. ) ;
#1916 = CARTESIAN_POINT ( 'NONE',  ( 10.27091316699546475, 218.9693670736260174, -163.4783151046286491 ) ) ;
#1917 = CARTESIAN_POINT ( 'NONE',  ( 2.231619832197317965, 164.7255965350055362, -156.5626548851822122 ) ) ;
#1918 = CARTESIAN_POINT ( 'NONE',  ( 26.40520826670920229, 145.3691481044624823, -189.2043046706338316 ) ) ;
#1919 = CARTESIAN_POINT ( 'NONE',  ( -19.78244448174753600, 171.6906507808284630, -152.2450155509324929 ) ) ;
#1920 = EDGE_CURVE ( 'NONE', #2967, #3069, #2576, .T. ) ;
#1921 = VERTEX_POINT ( 'NONE', #2814 ) ;
#1922 = DIRECTION ( 'NONE',  ( -0.004944046975061859930, 0.01088478573707840798, 0.9999285363659576875 ) ) ;
#1923 = LINE ( 'NONE', #462, #186 ) ;
#1924 = VERTEX_POINT ( 'NONE', #2126 ) ;
#1925 = DIRECTION ( 'NONE',  ( -3.552356529849563669E-15, 0.9999407575168364204, -0.01088491877119496416 ) ) ;
#1926 = ORIENTED_EDGE ( 'NONE', *, *, #2496, .T. ) ;
#1927 = DIRECTION ( 'NONE',  ( 3.989863994746674619E-14, -0.9999407575168363094, 0.01088491877120073038 ) ) ;
#1928 = ORIENTED_EDGE ( 'NONE', *, *, #1255, .F. ) ;
#1929 = DIRECTION ( 'NONE',  ( 0.004944046975061859930, -0.01088478573707893707, -0.9999285363659576875 ) ) ;
#1930 = DIRECTION ( 'NONE',  ( -2.364858737308502775E-20, 0.9999407575168364204, -0.01088491877119495722 ) ) ;
#1931 = DIRECTION ( 'NONE',  ( 0.004943754084617962667, 0.000000000000000000, -0.9999877795731060282 ) ) ;
#1932 = VERTEX_POINT ( 'NONE', #141 ) ;
#1933 = CARTESIAN_POINT ( 'NONE',  ( -18.52216501198853749, 162.7534656276987164, -152.5034493575827526 ) ) ;
#1934 = ADVANCED_FACE ( 'NONE', ( #649, #1579 ), #1144, .F. ) ;
#1935 = ADVANCED_FACE ( 'NONE', ( #2350 ), #912, .T. ) ;
#1936 = CARTESIAN_POINT ( 'NONE',  ( -16.77516377220156230, 163.5979321207646251, -152.6420882814522315 ) ) ;
#1937 = ORIENTED_EDGE ( 'NONE', *, *, #1216, .F. ) ;
#1938 = FACE_OUTER_BOUND ( 'NONE', #1148, .T. ) ;
#1939 = DIRECTION ( 'NONE',  ( 0.000000000000000000, 0.000000000000000000, 1.000000000000000000 ) ) ;
#1940 = AXIS2_PLACEMENT_3D ( 'NONE', #1623, #1332, #862 ) ;
#1941 = ORIENTED_EDGE ( 'NONE', *, *, #1835, .F. ) ;
#1942 = VERTEX_POINT ( 'NONE', #2560 ) ;
#1943 = CARTESIAN_POINT ( 'NONE',  ( -10.64651634648797263, 162.6658572911827889, -179.6191123902364382 ) ) ;
#1944 = VECTOR ( 'NONE', #369, 1000.000000000000227 ) ;
#1945 = CARTESIAN_POINT ( 'NONE',  ( 0.3557443960555174423, 132.4716142038045064, -179.7205240888367257 ) ) ;
#1946 = B_SPLINE_CURVE_WITH_KNOTS ( 'NONE', 3,
 ( #760, #1917, #732, #35 ),
 .UNSPECIFIED., .F., .F.,
 ( 4, 4 ),
 ( -3.577708764000775215E-05, 0.006124374002030306616 ),
 .UNSPECIFIED. ) ;
#1947 = CARTESIAN_POINT ( 'NONE',  ( -31.95324935044600778, 148.4894085237902743, -167.4914572272665509 ) ) ;
#1948 = CARTESIAN_POINT ( 'NONE',  ( -19.69597929448375950, 160.5800742310752298, -151.2198116353374076 ) ) ;
#1949 = CARTESIAN_POINT ( 'NONE',  ( -13.23851141967290879, 166.5722054792899485, -152.6569782984126675 ) ) ;
#1950 = CARTESIAN_POINT ( 'NONE',  ( -30.73457262689134240, 150.4314268280488989, -184.2120580316950225 ) ) ;
#1951 = EDGE_CURVE ( 'NONE', #2776, #1127, #864, .T. ) ;
#1952 = ORIENTED_EDGE ( 'NONE', *, *, #723, .T. ) ;
#1953 = CYLINDRICAL_SURFACE ( 'NONE', #844, 35.94690529099829490 ) ;
#1954 = VERTEX_POINT ( 'NONE', #1701 ) ;
#1955 = CIRCLE ( 'NONE', #1802, 4.000000000000008882 ) ;
#1956 = VECTOR ( 'NONE', #1625, 1000.000000000000114 ) ;
#1957 = VERTEX_POINT ( 'NONE', #3053 ) ;
#1958 = CARTESIAN_POINT ( 'NONE',  ( 28.42754297656138363, 150.7441848520166729, -154.7788463914471322 ) ) ;
#1959 = VECTOR ( 'NONE', #942, 1000.000000000000341 ) ;
#1960 = VERTEX_POINT ( 'NONE', #848 ) ;
#1961 = CARTESIAN_POINT ( 'NONE',  ( -10.64412116332021974, 163.5818774114561620, -180.1135645782227641 ) ) ;
#1962 = AXIS2_PLACEMENT_3D ( 'NONE', #375, #2990, #1068 ) ;
#1963 = DIRECTION ( 'NONE',  ( 0.000000000000000000, -0.9999407575168364204, 0.01088491877119371690 ) ) ;
#1964 = CIRCLE ( 'NONE', #2689, 9.999999999999992895 ) ;
#1965 = ORIENTED_EDGE ( 'NONE', *, *, #403, .F. ) ;
#1966 = CARTESIAN_POINT ( 'NONE',  ( -18.97701301791239104, 161.9256001844801176, -152.2384276977127229 ) ) ;
#1967 = CARTESIAN_POINT ( 'NONE',  ( -20.65069170458435721, 209.0742598843508802, -159.9077748498114602 ) ) ;
#1968 = DIRECTION ( 'NONE',  ( 0.000000000000000000, 0.9999407575168364204, -0.01088491877119461201 ) ) ;
#1969 = ORIENTED_EDGE ( 'NONE', *, *, #2551, .F. ) ;
#1970 = CYLINDRICAL_SURFACE ( 'NONE', #1449, 1.999999999999990896 ) ;
#1971 = EDGE_CURVE ( 'NONE', #1076, #715, #2011, .T. ) ;
#1972 = ORIENTED_EDGE ( 'NONE', *, *, #1778, .T. ) ;
#1973 = CARTESIAN_POINT ( 'NONE',  ( 18.61282134624563156, 163.3750338174868943, -152.4256524354210569 ) ) ;
#1974 = CARTESIAN_POINT ( 'NONE',  ( 26.09647187232394927, 145.8793585805359498, -142.3339273474675224 ) ) ;
#1975 = EDGE_CURVE ( 'NONE', #765, #2343, #2106, .T. ) ;
#1976 = EDGE_CURVE ( 'NONE', #1658, #1658, #2886, .T. ) ;
#1977 = ORIENTED_EDGE ( 'NONE', *, *, #1975, .T. ) ;
#1978 = CARTESIAN_POINT ( 'NONE',  ( -19.78409092192425689, 194.9781547569676263, -152.1654828274592717 ) ) ;
#1979 = CYLINDRICAL_SURFACE ( 'NONE', #2975, 2.000000000000004441 ) ;
#1980 = ORIENTED_EDGE ( 'NONE', *, *, #1971, .T. ) ;
#1981 = DIRECTION ( 'NONE',  ( -0.004944046975061859930, 0.01088478573707893707, 0.9999285363659576875 ) ) ;
#1982 = CARTESIAN_POINT ( 'NONE',  ( 31.24868208768771183, 150.8389170370880947, -184.5924074557663914 ) ) ;
#1983 = FACE_OUTER_BOUND ( 'NONE', #1912, .T. ) ;
#1984 = ORIENTED_EDGE ( 'NONE', *, *, #868, .T. ) ;
#1985 = FACE_OUTER_BOUND ( 'NONE', #2678, .T. ) ;
#1986 = CARTESIAN_POINT ( 'NONE',  ( -10.64412116332021974, 170.4687710183973479, -180.1885322969939693 ) ) ;
#1987 = EDGE_LOOP ( 'NONE', ( #2772, #197, #1369, #1186 ) ) ;
#1988 = CARTESIAN_POINT ( 'NONE',  ( 18.76117868220302043, 163.1118028499794832, -152.3869143828053438 ) ) ;
#1989 = LINE ( 'NONE', #2512, #3147 ) ;
#1990 = UNCERTAINTY_MEASURE_WITH_UNIT (LENGTH_MEASURE( 1.000000000000000082E-05 ), #2642, 'distance_accuracy_value', 'NONE');
#1991 = CIRCLE ( 'NONE', #387, 34.00000000000000711 ) ;
#1992 =( BOUNDED_SURFACE ( )  B_SPLINE_SURFACE ( 3, 3, ( 
 ( #982, #1233, #2455, #735 ),
 ( #2196, #219, #26, #2655 ),
 ( #725, #1936, #2397, #2212 ),
 ( #1684, #2666, #1949, #749 ) ),
 .UNSPECIFIED., .F., .F., .T. ) 
 B_SPLINE_SURFACE_WITH_KNOTS ( ( 4, 4 ),
 ( 4, 4 ),
 ( 0.000000000000000000, 1.000000000000000000 ),
 ( 0.000000000000000000, 1.000000000000000000 ),
 .UNSPECIFIED. ) 
 GEOMETRIC_REPRESENTATION_ITEM ( )  RATIONAL_B_SPLINE_SURFACE ( (
 ( 1.000000000000000000, 0.9883011222627207104, 0.9883011222627207104, 1.000000000000000000),
 ( 0.8047378541243711547, 0.7953233243584096890, 0.7953233243584096890, 0.8047378541243711547),
 ( 0.8047378541243711547, 0.7953233243584096890, 0.7953233243584096890, 0.8047378541243711547),
 ( 1.000000000000000000, 0.9883011222627207104, 0.9883011222627207104, 1.000000000000000000) ) ) 
 REPRESENTATION_ITEM ( '' )  SURFACE ( )  );
#1993 = ORIENTED_EDGE ( 'NONE', *, *, #2216, .F. ) ;
#1994 = CARTESIAN_POINT ( 'NONE',  ( -27.95831248622818777, 150.7302653273143846, -156.0575605801030861 ) ) ;
#1995 = EDGE_CURVE ( 'NONE', #2373, #74, #1830, .T. ) ;
#1996 = EDGE_CURVE ( 'NONE', #3060, #2919, #125, .T. ) ;
#1997 = LINE ( 'NONE', #2740, #1278 ) ;
#1998 = AXIS2_PLACEMENT_3D ( 'NONE', #187, #1142, #2857 ) ;
#1999 = EDGE_LOOP ( 'NONE', ( #2371, #1748, #3102, #1771, #1618, #2422, #422, #3130 ) ) ;
#2000 = CARTESIAN_POINT ( 'NONE',  ( -19.75882870389601820, 160.4618538879244625, -151.0173082586200906 ) ) ;
#2001 = CIRCLE ( 'NONE', #927, 31.99999999999998934 ) ;
#2002 = DIRECTION ( 'NONE',  ( -0.004348148117992678592, 0.000000000000000000, 0.9999905467592902220 ) ) ;
#2003 = CARTESIAN_POINT ( 'NONE',  ( -17.77999690200987004, 164.0604546252041303, -152.6520913968664956 ) ) ;
#2004 = ORIENTED_EDGE ( 'NONE', *, *, #1488, .F. ) ;
#2005 = DIRECTION ( 'NONE',  ( -0.004645884459284533446, 0.3522282340390548439, 0.9359026054581320864 ) ) ;
#2006 = STYLED_ITEM ( 'NONE', ( #20 ), #1073 ) ;
#2007 = LINE ( 'NONE', #1065, #2154 ) ;
#2008 = ORIENTED_EDGE ( 'NONE', *, *, #2376, .F. ) ;
#2009 = CARTESIAN_POINT ( 'NONE',  ( 18.21956311049257593, 164.0623919849941785, -152.4741162500785947 ) ) ;
#2010 = CARTESIAN_POINT ( 'NONE',  ( 25.59873320674745756, 145.9012328718206675, -188.7425448344861820 ) ) ;
#2011 = CIRCLE ( 'NONE', #699, 1.999999999999990896 ) ;
#2012 = ORIENTED_EDGE ( 'NONE', *, *, #1878, .T. ) ;
#2013 = CARTESIAN_POINT ( 'NONE',  ( -5.767783447071175296, 172.7410412546065288, -155.1873699550230867 ) ) ;
#2014 = CARTESIAN_POINT ( 'NONE',  ( -11.04076094992779922, 166.8261304650077363, -184.9787107180704879 ) ) ;
#2015 = AXIS2_PLACEMENT_3D ( 'NONE', #797, #1018, #2494 ) ;
#2016 = EDGE_CURVE ( 'NONE', #1942, #2413, #549, .T. ) ;
#2017 = ORIENTED_EDGE ( 'NONE', *, *, #1857, .T. ) ;
#2018 = DIRECTION ( 'NONE',  ( 0.000000000000000000, -0.9999407575168363094, 0.01088491877119466926 ) ) ;
#2019 = AXIS2_PLACEMENT_3D ( 'NONE', #973, #1939, #2923 ) ;
#2020 = B_SPLINE_CURVE_WITH_KNOTS ( 'NONE', 3,
 ( #1119, #2368, #670, #881, #854, #2130, #1820, #1149, #392, #1849 ),
 .UNSPECIFIED., .F., .F.,
 ( 4, 2, 2, 2, 4 ),
 ( 0.000000000000000000, 0.0004028564826238993342, 0.0008057129652477986684, 0.001208569447871698111, 0.001611425930495597337 ),
 .UNSPECIFIED. ) ;
#2021 = EDGE_CURVE ( 'NONE', #3072, #2140, #1128, .T. ) ;
#2022 = LINE ( 'NONE', #2759, #287 ) ;
#2023 = CARTESIAN_POINT ( 'NONE',  ( 22.66759561881722007, 171.8017857990626283, -142.0356206389816975 ) ) ;
#2024 = ORIENTED_EDGE ( 'NONE', *, *, #568, .T. ) ;
#2025 = CARTESIAN_POINT ( 'NONE',  ( 22.72116694178845009, 197.4440140851679359, -155.3154149629214373 ) ) ;
#2026 = CARTESIAN_POINT ( 'NONE',  ( 22.72116694178845009, 197.9997321478630568, -155.5245602208843820 ) ) ;
#2027 = ORIENTED_EDGE ( 'NONE', *, *, #2416, .T. ) ;
#2028 = CARTESIAN_POINT ( 'NONE',  ( 19.41750419111026460, 161.9186823328423372, -152.0448801698718739 ) ) ;
#2029 = CARTESIAN_POINT ( 'NONE',  ( -10.59468069356960207, 170.3599231610265861, -190.1878176606535646 ) ) ;
#2030 = CARTESIAN_POINT ( 'NONE',  ( 20.16195069864075862, 195.0980255362085813, -141.1535790808163711 ) ) ;
#2031 = ORIENTED_EDGE ( 'NONE', *, *, #3111, .F. ) ;
#2032 = CARTESIAN_POINT ( 'NONE',  ( 22.73186822949302055, 197.4440146610706392, -155.3153620577401171 ) ) ;
#2033 = LINE ( 'NONE', #822, #936 ) ;
#2034 = DIRECTION ( 'NONE',  ( 0.000000000000000000, 0.9999407575168361983, -0.01088491877119453222 ) ) ;
#2035 = CARTESIAN_POINT ( 'NONE',  ( 22.62454096844818707, 198.8467773014092757, -133.6212289795554682 ) ) ;
#2036 = EDGE_LOOP ( 'NONE', ( #288, #2712, #176, #2004 ) ) ;
#2037 = CARTESIAN_POINT ( 'NONE',  ( 27.35666594620551351, 150.4284607190753604, -183.7827769945101863 ) ) ;
#2038 = ADVANCED_FACE ( 'NONE', ( #666 ), #2605, .F. ) ;
#2039 = EDGE_CURVE ( 'NONE', #808, #1632, #2199, .T. ) ;
#2040 = DIRECTION ( 'NONE',  ( 0.004944046975061859063, -0.01088478573707893360, -0.9999285363659575765 ) ) ;
#2041 = VERTEX_POINT ( 'NONE', #2384 ) ;
#2042 = DIRECTION ( 'NONE',  ( 0.000000000000000000, -0.9999407575168363094, 0.01088491877119485488 ) ) ;
#2043 = CARTESIAN_POINT ( 'NONE',  ( -27.44878778592381963, 151.5985473113283604, -155.1122188343796324 ) ) ;
#2044 = DIRECTION ( 'NONE',  ( 0.004943754084601015286, 0.000000000000000000, -0.9999877795731060282 ) ) ;
#2045 = ORIENTED_EDGE ( 'NONE', *, *, #24, .T. ) ;
#2046 = CARTESIAN_POINT ( 'NONE',  ( -26.22141802919344400, 150.7220543309113339, -156.8118620253169126 ) ) ;
#2047 = DIRECTION ( 'NONE',  ( -1.065736854235361002E-14, 0.9999407575168364204, -0.01088491877119461201 ) ) ;
#2048 = ORIENTED_EDGE ( 'NONE', *, *, #2610, .T. ) ;
#2049 = DIRECTION ( 'NONE',  ( 0.000000000000000000, -0.9999407575168364204, 0.01088491877119371690 ) ) ;
#2050 = CARTESIAN_POINT ( 'NONE',  ( 7.357098244965275313, 164.8932730684051648, -155.3396120640599634 ) ) ;
#2051 = ORIENTED_EDGE ( 'NONE', *, *, #1648, .T. ) ;
#2052 = SPHERICAL_SURFACE ( 'NONE', #948, 1.000000000000000000 ) ;
#2053 = CARTESIAN_POINT ( 'NONE',  ( 0.3804646309308266083, 132.4171902751191965, -184.7201667706664807 ) ) ;
#2054 = EDGE_CURVE ( 'NONE', #1628, #1160, #1446, .T. ) ;
#2055 = VERTEX_POINT ( 'NONE', #2431 ) ;
#2056 = CARTESIAN_POINT ( 'NONE',  ( 10.27091316699546475, 218.9693670736260174, -163.4783151046286491 ) ) ;
#2057 = CARTESIAN_POINT ( 'NONE',  ( 12.92836996055424592, 164.7099450628035129, -151.6788406760425971 ) ) ;
#2058 = CIRCLE ( 'NONE', #1090, 31.99999999999998934 ) ;
#2059 = FACE_OUTER_BOUND ( 'NONE', #70, .T. ) ;
#2060 = B_SPLINE_CURVE_WITH_KNOTS ( 'NONE', 3,
 ( #2081, #3070, #2849, #654, #2580, #867, #683, #1357, #3057, #1583 ),
 .UNSPECIFIED., .F., .F.,
 ( 4, 2, 2, 2, 4 ),
 ( 3.469446951953614189E-18, 0.0003054125756996916088, 0.0006108251513993797482, 0.0009162377270990678876, 0.001221650302798756027 ),
 .UNSPECIFIED. ) ;
#2061 = EDGE_CURVE ( 'NONE', #2955, #28, #1414, .T. ) ;
#2062 = AXIS2_PLACEMENT_3D ( 'NONE', #1916, #1213, #248 ) ;
#2063 = ORIENTED_EDGE ( 'NONE', *, *, #1042, .T. ) ;
#2064 = CARTESIAN_POINT ( 'NONE',  ( 0.2173110807537758926, 171.6917270918229406, -152.1461404693836528 ) ) ;
#2065 = DIRECTION ( 'NONE',  ( -0.001690963655019291816, -0.9359141350837766327, 0.3522241791704591729 ) ) ;
#2066 = AXIS2_PLACEMENT_3D ( 'NONE', #386, #405, #2365 ) ;
#2067 = ORIENTED_EDGE ( 'NONE', *, *, #241, .T. ) ;
#2068 = VECTOR ( 'NONE', #2907, 1000.000000000000227 ) ;
#2069 = DIRECTION ( 'NONE',  ( 0.000000000000000000, -0.9999407575168361983, 0.01088491877119450273 ) ) ;
#2070 = AXIS2_PLACEMENT_3D ( 'NONE', #1044, #1981, #2442 ) ;
#2071 = DIRECTION ( 'NONE',  ( 0.9999877781250670061, 5.381554972537290103E-05, 0.004943754077442170589 ) ) ;
#2072 = DIRECTION ( 'NONE',  ( 0.8175974404068186985, 0.5757902616753939329, 0.000000000000000000 ) ) ;
#2073 = AXIS2_PLACEMENT_3D ( 'NONE', #1831, #2815, #636 ) ;
#2074 = CARTESIAN_POINT ( 'NONE',  ( -26.60562477829399342, 150.4255566732427383, -184.0495565498538895 ) ) ;
#2075 = EDGE_LOOP ( 'NONE', ( #548, #2583, #2595, #3084 ) ) ;
#2076 = DIRECTION ( 'NONE',  ( -0.001690963655020537347, -0.9359141350837774098, 0.3522241791704571190 ) ) ;
#2077 = DIRECTION ( 'NONE',  ( 0.004944046975061999576, -0.01088478573707907758, -0.9999285363659576875 ) ) ;
#2078 = EDGE_CURVE ( 'NONE', #2919, #1333, #2932, .T. ) ;
#2079 = DIRECTION ( 'NONE',  ( 0.9999877781250671172, 5.381554972432032368E-05, 0.004943754077442179262 ) ) ;
#2080 = EDGE_LOOP ( 'NONE', ( #726, #1167, #1057 ) ) ;
#2081 = CARTESIAN_POINT ( 'NONE',  ( -25.90941541329021547, 145.8780592151847770, -142.4532932702495884 ) ) ;
#2082 = PLANE ( 'NONE',  #2421 ) ;
#2083 = ADVANCED_FACE ( 'NONE', ( #1938 ), #257, .T. ) ;
#2084 = EDGE_CURVE ( 'NONE', #1637, #3072, #1145, .T. ) ;
#2085 = EDGE_LOOP ( 'NONE', ( #2108, #1378, #2756, #1952, #3099, #2579, #897, #84 ) ) ;
#2086 = PLANE ( 'NONE',  #839 ) ;
#2087 = DIRECTION ( 'NONE',  ( 0.000000000000000000, -0.9999407575168364204, 0.01088491877119371690 ) ) ;
#2088 = CARTESIAN_POINT ( 'NONE',  ( 22.75048589206631178, 219.4430385690699268, -159.3206835776576611 ) ) ;
#2089 = CARTESIAN_POINT ( 'NONE',  ( 30.62061613627886203, 145.8861047608027377, -141.7141909260824377 ) ) ;
#2090 = FACE_OUTER_BOUND ( 'NONE', #1413, .T. ) ;
#2091 = ORIENTED_EDGE ( 'NONE', *, *, #4, .T. ) ;
#2092 = DIRECTION ( 'NONE',  ( -0.000000000000000000, 0.9999407575168361983, -0.01088491877119377761 ) ) ;
#2093 = CARTESIAN_POINT ( 'NONE',  ( 20.27683649395714838, 160.3538620643339527, -151.5950884969804235 ) ) ;
#2094 = ORIENTED_EDGE ( 'NONE', *, *, #684, .T. ) ;
#2095 = LINE ( 'NONE', #2109, #1807 ) ;
#2096 = CARTESIAN_POINT ( 'NONE',  ( -22.26758178613500760, 197.4415929613331002, -155.5378309912250927 ) ) ;
#2097 = ADVANCED_FACE ( 'NONE', ( #2657 ), #1207, .T. ) ;
#2098 = FACE_OUTER_BOUND ( 'NONE', #2927, .T. ) ;
#2099 = DIRECTION ( 'NONE',  ( 0.000000000000000000, -0.9359127059959955197, 0.3522320353903848900 ) ) ;
#2100 = DIRECTION ( 'NONE',  ( 0.004645884459284524773, -0.3522282340390552879, -0.9359026054581318643 ) ) ;
#2101 = VECTOR ( 'NONE', #2707, 1000.000000000000114 ) ;
#2102 =( BOUNDED_CURVE ( )  B_SPLINE_CURVE ( 3, ( #1040, #1978, #1518, #2956 ),
 .UNSPECIFIED., .F., .T. ) 
 B_SPLINE_CURVE_WITH_KNOTS ( ( 4, 4 ),
 ( 3.141592653589790007, 4.707444913267695874 ),
 .UNSPECIFIED. ) 
 CURVE ( )  GEOMETRIC_REPRESENTATION_ITEM ( )  RATIONAL_B_SPLINE_CURVE ( ( 1.000000000000000000, 0.8059017403685360126, 0.8059017403685360126, 1.000000000000000000 ) ) 
 REPRESENTATION_ITEM ( '' )  );
#2103 = DIRECTION ( 'NONE',  ( 0.000000000000000000, 0.01088491877119509253, 0.9999407575168364204 ) ) ;
#2104 = CARTESIAN_POINT ( 'NONE',  ( -1.752472782748537350, 164.7253829647731038, -156.5822744693600441 ) ) ;
#2105 = ORIENTED_EDGE ( 'NONE', *, *, #910, .F. ) ;
#2106 = LINE ( 'NONE', #158, #2479 ) ;
#2107 = CARTESIAN_POINT ( 'NONE',  ( 13.24130829820027522, 165.4766364087358852, -152.5141255824689779 ) ) ;
#2108 = ORIENTED_EDGE ( 'NONE', *, *, #1505, .T. ) ;
#2109 = CARTESIAN_POINT ( 'NONE',  ( 32.54052113403081137, 148.4928793339225024, -167.1726119895776890 ) ) ;
#2110 = AXIS2_PLACEMENT_3D ( 'NONE', #2824, #873, #2360 ) ;
#2111 = LINE ( 'NONE', #2096, #585 ) ;
#2112 = PRESENTATION_LAYER_ASSIGNMENT (  '', '', ( #2006 ) ) ;
#2113 = CARTESIAN_POINT ( 'NONE',  ( -22.26758178613500405, 160.7753052686380215, -155.1386977824064388 ) ) ;
#2114 = ORIENTED_EDGE ( 'NONE', *, *, #3017, .F. ) ;
#2115 = CARTESIAN_POINT ( 'NONE',  ( -9.137106401243084264, 166.5913932103593709, -152.3680468049570038 ) ) ;
#2116 = AXIS2_PLACEMENT_3D ( 'NONE', #2866, #1837, #413 ) ;
#2117 = EDGE_CURVE ( 'NONE', #54, #114, #986, .T. ) ;
#2118 = CARTESIAN_POINT ( 'NONE',  ( -30.35846811889286556, 151.6193207630981306, -155.0790343111821699 ) ) ;
#2119 = VECTOR ( 'NONE', #3149, 1000.000000000000114 ) ;
#2120 = CARTESIAN_POINT ( 'NONE',  ( 8.875195633260577921, 165.7095128886398072, -157.0385699924095206 ) ) ;
#2121 = AXIS2_PLACEMENT_3D ( 'NONE', #2602, #137, #2072 ) ;
#2122 = EDGE_CURVE ( 'NONE', #653, #1957, #2684, .T. ) ;
#2123 = CARTESIAN_POINT ( 'NONE',  ( 26.99733999590953104, 145.3634272830896066, -189.7298467144001108 ) ) ;
#2124 = VECTOR ( 'NONE', #518, 1000.000000000000227 ) ;
#2125 = ORIENTED_EDGE ( 'NONE', *, *, #1627, .T. ) ;
#2126 = CARTESIAN_POINT ( 'NONE',  ( 8.843059327922679458, 165.7802639959307953, -150.5390345060306174 ) ) ;
#2127 = CARTESIAN_POINT ( 'NONE',  ( 22.62454096844818707, 209.0934516523588229, -137.4775789783264770 ) ) ;
#2128 = CIRCLE ( 'NONE', #2073, 9.999999999999992895 ) ;
#2129 = VERTEX_POINT ( 'NONE', #13 ) ;
#2130 = CARTESIAN_POINT ( 'NONE',  ( 11.35376465055818862, 162.7478639700436247, -179.6224551126632036 ) ) ;
#2131 = ORIENTED_EDGE ( 'NONE', *, *, #1075, .F. ) ;
#2132 = PLANE ( 'NONE',  #246 ) ;
#2133 = ORIENTED_EDGE ( 'NONE', *, *, #1104, .T. ) ;
#2134 = DIRECTION ( 'NONE',  ( 0.000000000000000000, 0.9999407575168364204, -0.01088491877119461201 ) ) ;
#2135 =( NAMED_UNIT ( * ) PLANE_ANGLE_UNIT ( ) SI_UNIT ( $, .RADIAN. ) );
#2136 = CARTESIAN_POINT ( 'NONE',  ( -18.39750948567485977, 162.9759459150430985, -152.5457688730221832 ) ) ;
#2137 = CARTESIAN_POINT ( 'NONE',  ( -17.77999690200985228, 192.9693136868237957, -152.9667806224913136 ) ) ;
#2138 = EDGE_CURVE ( 'NONE', #295, #679, #1428, .T. ) ;
#2139 = EDGE_CURVE ( 'NONE', #1457, #1960, #972, .T. ) ;
#2140 = VERTEX_POINT ( 'NONE', #696 ) ;
#2141 = DIRECTION ( 'NONE',  ( 0.000000000000000000, -0.9999407575168363094, 0.01088491877120073038 ) ) ;
#2142 = ORIENTED_EDGE ( 'NONE', *, *, #3097, .T. ) ;
#2143 = DIRECTION ( 'NONE',  ( 0.000000000000000000, 0.9999407575168363094, -0.01088491877119503355 ) ) ;
#2144 = VERTEX_POINT ( 'NONE', #714 ) ;
#2145 = PLANE ( 'NONE',  #2116 ) ;
#2146 = DIRECTION ( 'NONE',  ( 0.004944046975061859930, -0.01088478573707842532, -0.9999285363659577985 ) ) ;
#2147 = CARTESIAN_POINT ( 'NONE',  ( 25.37130704589472785, 146.4019330157260015, -142.7458321616755086 ) ) ;
#2148 = DIRECTION ( 'NONE',  ( -0.004645884459284524773, 0.3522282340390577859, 0.9359026054581307541 ) ) ;
#2149 = VERTEX_POINT ( 'NONE', #1673 ) ;
#2150 = DIRECTION ( 'NONE',  ( 0.004944046975061859930, -0.01088478573707841665, -0.9999285363659575765 ) ) ;
#2151 = LINE ( 'NONE', #1459, #1285 ) ;
#2152 = ORIENTED_EDGE ( 'NONE', *, *, #2061, .T. ) ;
#2153 = CARTESIAN_POINT ( 'NONE',  ( -25.04901571415058470, 145.5739104764012666, -189.0599637793612260 ) ) ;
#2154 = VECTOR ( 'NONE', #2040, 1000.000000000000114 ) ;
#2155 = EDGE_CURVE ( 'NONE', #682, #1832, #2790, .T. ) ;
#2156 = ORIENTED_EDGE ( 'NONE', *, *, #139, .T. ) ;
#2157 = CARTESIAN_POINT ( 'NONE',  ( 27.29701240508728333, 150.7371879243715682, -155.4216176677273324 ) ) ;
#2158 = EDGE_CURVE ( 'NONE', #3116, #1563, #924, .T. ) ;
#2159 = VERTEX_POINT ( 'NONE', #238 ) ;
#2160 = CARTESIAN_POINT ( 'NONE',  ( -27.02459241147795055, 150.7265322374076391, -156.4005000937280556 ) ) ;
#2161 = DIRECTION ( 'NONE',  ( -0.004944046975061859930, 0.01088478573707893707, 0.9999285363659576875 ) ) ;
#2162 = DIRECTION ( 'NONE',  ( -0.004944046975028607883, 0.01088478573707097816, 0.9999285363659579096 ) ) ;
#2163 = CARTESIAN_POINT ( 'NONE',  ( -26.60562477829399342, 151.4254974307595489, -184.0604414686250720 ) ) ;
#2164 = CARTESIAN_POINT ( 'NONE',  ( -17.97454227666641913, 163.7226275385586121, -152.6401265591453580 ) ) ;
#2165 = VECTOR ( 'NONE', #452, 1000.000000000000227 ) ;
#2166 = CARTESIAN_POINT ( 'NONE',  ( -8.644145607070084836, 172.4687601645304653, -180.2004146263815016 ) ) ;
#2167 = B_SPLINE_CURVE_WITH_KNOTS ( 'NONE', 3,
 ( #185, #444, #202, #3124, #2904, #1670, #939, #1885 ),
 .UNSPECIFIED., .F., .F.,
 ( 4, 2, 2, 4 ),
 ( 0.000000000000000000, 0.0004337886267907143842, 0.0008675772535814287685, 0.001735154507162907627 ),
 .UNSPECIFIED. ) ;
#2168 = EDGE_LOOP ( 'NONE', ( #950, #2296, #408, #2656 ) ) ;
#2169 = CARTESIAN_POINT ( 'NONE',  ( 0.2321432216790837721, 132.7437338472312263, -154.7223106797106311 ) ) ;
#2170 = VECTOR ( 'NONE', #2892, 1000.000000000000000 ) ;
#2171 = VERTEX_POINT ( 'NONE', #1444 ) ;
#2172 = ORIENTED_EDGE ( 'NONE', *, *, #1719, .F. ) ;
#2173 = CARTESIAN_POINT ( 'NONE',  ( 27.65801033024413158, 150.7403880167788941, -155.1276418563954849 ) ) ;
#2174 = B_SPLINE_CURVE_WITH_KNOTS ( 'NONE', 3,
 ( #1290, #1581, #2562, #2003 ),
 .UNSPECIFIED., .F., .F.,
 ( 4, 4 ),
 ( 0.000000000000000000, 1.000000000000000000 ),
 .UNSPECIFIED. ) ;
#2175 = ORIENTED_EDGE ( 'NONE', *, *, #459, .F. ) ;
#2176 = CARTESIAN_POINT ( 'NONE',  ( 26.53905548068280495, 150.8526340094486500, -183.7914369533122283 ) ) ;
#2177 = EDGE_CURVE ( 'NONE', #467, #1461, #2275, .T. ) ;
#2178 = EDGE_CURVE ( 'NONE', #1803, #1109, #1687, .T. ) ;
#2179 = FACE_OUTER_BOUND ( 'NONE', #80, .T. ) ;
#2180 = DIRECTION ( 'NONE',  ( 0.000000000000000000, 0.9999407575168361983, -0.01088491877119481151 ) ) ;
#2181 = CARTESIAN_POINT ( 'NONE',  ( -8.391133002002007402, 165.7085836803160532, -157.1239315182804432 ) ) ;
#2182 = ORIENTED_EDGE ( 'NONE', *, *, #205, .T. ) ;
#2183 = CARTESIAN_POINT ( 'NONE',  ( 11.13032180500069046, 230.6733523069953549, -163.6049109021426773 ) ) ;
#2184 = CARTESIAN_POINT ( 'NONE',  ( -17.78988499595997652, 192.9792009289104726, -152.9669126958925176 ) ) ;
#2185 = EDGE_LOOP ( 'NONE', ( #90 ) ) ;
#2186 = CARTESIAN_POINT ( 'NONE',  ( 11.35560995543153240, 172.4698364755249713, -180.1015395448326615 ) ) ;
#2187 = ORIENTED_EDGE ( 'NONE', *, *, #813, .T. ) ;
#2188 = CARTESIAN_POINT ( 'NONE',  ( 26.96871745393024256, 151.3270009743901880, -155.3967078667029682 ) ) ;
#2189 = ORIENTED_EDGE ( 'NONE', *, *, #1592, .T. ) ;
#2190 = CARTESIAN_POINT ( 'NONE',  ( -17.77999690200987004, 164.0604546252041303, -152.6520913968664956 ) ) ;
#2191 = DIRECTION ( 'NONE',  ( 0.004944046975062000443, -0.01088478573707908105, -0.9999285363659576875 ) ) ;
#2192 = EDGE_CURVE ( 'NONE', #1106, #805, #46, .T. ) ;
#2193 = DIRECTION ( 'NONE',  ( 0.000000000000000000, 0.9359127059959955197, -0.3522320353903848900 ) ) ;
#2194 = ORIENTED_EDGE ( 'NONE', *, *, #204, .F. ) ;
#2195 = DIRECTION ( 'NONE',  ( -0.004944046975061859930, 0.01088478573707842012, 0.9999285363659576875 ) ) ;
#2196 = CARTESIAN_POINT ( 'NONE',  ( -19.84546185071480906, 160.3517028344026301, -151.7934456973151214 ) ) ;
#2197 = CARTESIAN_POINT ( 'NONE',  ( 20.17060779866232068, 175.2150857432080215, -142.6882393332534491 ) ) ;
#2198 = EDGE_LOOP ( 'NONE', ( #619, #2285, #1779, #1517, #2386, #2024 ) ) ;
#2199 = LINE ( 'NONE', #476, #2119 ) ;
#2200 = TOROIDAL_SURFACE ( 'NONE', #2616, 34.00000000000000000, 2.000000000000000000 ) ;
#2201 = ORIENTED_EDGE ( 'NONE', *, *, #1211, .F. ) ;
#2202 = CARTESIAN_POINT ( 'NONE',  ( -24.33182995306094654, 161.8600824443503825, -142.1597835690664624 ) ) ;
#2203 = ORIENTED_EDGE ( 'NONE', *, *, #2634, .T. ) ;
#2204 = CARTESIAN_POINT ( 'NONE',  ( -10.64471612992316452, 163.0604227422004442, -179.9875425934597502 ) ) ;
#2205 = AXIS2_PLACEMENT_3D ( 'NONE', #940, #1907, #2429 ) ;
#2206 = CARTESIAN_POINT ( 'NONE',  ( -17.77999690200985228, 192.9693136868237957, -152.9667806224913136 ) ) ;
#2207 = EDGE_LOOP ( 'NONE', ( #2256, #3008, #1048, #770, #1969, #1717 ) ) ;
#2208 = CARTESIAN_POINT ( 'NONE',  ( 6.232069890429621672, 172.7416870412032495, -155.1280449060937485 ) ) ;
#2209 = VECTOR ( 'NONE', #2513, 1000.000000000000000 ) ;
#2210 = EDGE_CURVE ( 'NONE', #569, #808, #1656, .T. ) ;
#2211 = B_SPLINE_CURVE_WITH_KNOTS ( 'NONE', 3,
 ( #3110, #647, #1609, #2123 ),
 .UNSPECIFIED., .F., .F.,
 ( 4, 4 ),
 ( 0.1129679355132536395, 0.1136353148071050645 ),
 .UNSPECIFIED. ) ;
#2212 = CARTESIAN_POINT ( 'NONE',  ( -8.547921316695184402, 166.5785360664727364, -152.6338550552168272 ) ) ;
#2213 = CARTESIAN_POINT ( 'NONE',  ( -30.73969007248790319, 150.4253341935271919, -184.0699946017998059 ) ) ;
#2214 = ORIENTED_EDGE ( 'NONE', *, *, #3134, .F. ) ;
#2215 = DIRECTION ( 'NONE',  ( 0.000000000000000000, 0.9999407575168363094, -0.01088491877120073038 ) ) ;
#2216 = EDGE_CURVE ( 'NONE', #2940, #1300, #502, .T. ) ;
#2217 = ADVANCED_FACE ( 'NONE', ( #285 ), #1970, .F. ) ;
#2218 = AXIS2_PLACEMENT_3D ( 'NONE', #101, #1132, #1088 ) ;
#2219 = CIRCLE ( 'NONE', #40, 0.9999999999999953371 ) ;
#2220 = ORIENTED_EDGE ( 'NONE', *, *, #909, .F. ) ;
#2221 = DIRECTION ( 'NONE',  ( 1.488985130897903991E-18, 0.9999407575168363094, -0.01088491877119481151 ) ) ;
#2222 = AXIS2_PLACEMENT_3D ( 'NONE', #1889, #2669, #2683 ) ;
#2223 = ORIENTED_EDGE ( 'NONE', *, *, #773, .T. ) ;
#2224 = CARTESIAN_POINT ( 'NONE',  ( -26.73983978811384787, 150.7210436764928829, -156.9047055796949337 ) ) ;
#2225 = AXIS2_PLACEMENT_3D ( 'NONE', #10, #1922, #2652 ) ;
#2226 = CARTESIAN_POINT ( 'NONE',  ( 20.20965057279254751, 194.9930097642211706, -150.8008307323590032 ) ) ;
#2227 = AXIS2_PLACEMENT_3D ( 'NONE', #2366, #190, #3101 ) ;
#2228 = ORIENTED_EDGE ( 'NONE', *, *, #1211, .T. ) ;
#2229 = DIRECTION ( 'NONE',  ( 0.9999892078205599999, 0.001636429339282350921, 0.004348142296033721127 ) ) ;
#2230 = LINE ( 'NONE', #2541, #1944 ) ;
#2231 = LINE ( 'NONE', #2197, #2724 ) ;
#2232 = ORIENTED_EDGE ( 'NONE', *, *, #1971, .F. ) ;
#2233 = DIRECTION ( 'NONE',  ( -7.409890710233097524E-19, 0.9999407575168364204, -0.01088491877119481324 ) ) ;
#2234 = PRODUCT ( 'M-COMA-060100-A', 'M-COMA-060100-A', '', ( #1463 ) ) ;
#2235 = EDGE_CURVE ( 'NONE', #1641, #2651, #1253, .T. ) ;
#2236 = CARTESIAN_POINT ( 'NONE',  ( 26.51089521566511564, 151.1854200456687636, -156.1338508087582966 ) ) ;
#2237 = EDGE_CURVE ( 'NONE', #1394, #284, #2757, .T. ) ;
#2238 = ORIENTED_EDGE ( 'NONE', *, *, #2039, .T. ) ;
#2239 = CARTESIAN_POINT ( 'NONE',  ( 18.83870391389334387, 162.9733066267432946, -152.3607855127350206 ) ) ;
#2240 = CARTESIAN_POINT ( 'NONE',  ( -25.92217516861401805, 151.1451857431666781, -156.9162338970411383 ) ) ;
#2241 = ORIENTED_EDGE ( 'NONE', *, *, #2690, .T. ) ;
#2242 = CARTESIAN_POINT ( 'NONE',  ( -5.683734648495124553, 172.5559998970762194, -172.1861550732445210 ) ) ;
#2243 = ORIENTED_EDGE ( 'NONE', *, *, #165, .T. ) ;
#2244 = CARTESIAN_POINT ( 'NONE',  ( -19.35999595067213974, 161.2131703632500717, -151.8609501009727865 ) ) ;
#2245 = CARTESIAN_POINT ( 'NONE',  ( 31.47416524856264886, 150.4567394970034684, -184.0470309752656703 ) ) ;
#2246 = APPLICATION_CONTEXT ( 'automotive_design' ) ;
#2247 = CARTESIAN_POINT ( 'NONE',  ( -5.780143564508831489, 172.7682532189492406, -152.6875486141082092 ) ) ;
#2248 = ORIENTED_EDGE ( 'NONE', *, *, #2610, .F. ) ;
#2249 = CARTESIAN_POINT ( 'NONE',  ( 12.88721564878985326, 166.7053154738968033, -152.5292512224582708 ) ) ;
#2250 = DIRECTION ( 'NONE',  ( -0.9999877781250671172, -5.381554972444946571E-05, -0.004943754077439336918 ) ) ;
#2251 = VERTEX_POINT ( 'NONE', #45 ) ;
#2252 = CARTESIAN_POINT ( 'NONE',  ( 18.97779638382711198, 162.7229836241045859, -152.3063051875078315 ) ) ;
#2253 = CARTESIAN_POINT ( 'NONE',  ( 0.2197831042412940195, 172.7685761122475867, -152.6578860896435685 ) ) ;
#2254 = ADVANCED_FACE ( 'NONE', ( #584 ), #1492, .F. ) ;
#2255 = AXIS2_PLACEMENT_3D ( 'NONE', #314, #528, #564 ) ;
#2256 = ORIENTED_EDGE ( 'NONE', *, *, #473, .F. ) ;
#2257 = DIRECTION ( 'NONE',  ( 0.9999877781250670061, 5.381554972483382893E-05, 0.004943754077442001453 ) ) ;
#2258 = DIRECTION ( 'NONE',  ( 0.004944046975061859063, -0.01088478573707893880, -0.9999285363659576875 ) ) ;
#2259 = EDGE_CURVE ( 'NONE', #467, #739, #702, .T. ) ;
#2260 = DIRECTION ( 'NONE',  ( 0.9999877781250670061, 5.381554972452538696E-05, 0.004943754077442305897 ) ) ;
#2261 = VECTOR ( 'NONE', #1046, 999.9999999999998863 ) ;
#2262 = CARTESIAN_POINT ( 'NONE',  ( -10.64412116332023395, 162.5192004012363043, -180.1019967399790289 ) ) ;
#2263 = DIRECTION ( 'NONE',  ( 0.9999877781250670061, 5.381554972452626788E-05, 0.004943754077442179262 ) ) ;
#2264 = ORIENTED_EDGE ( 'NONE', *, *, #1505, .F. ) ;
#2265 = DIRECTION ( 'NONE',  ( 0.004944046975061859930, -0.01088478573707893707, -0.9999285363659576875 ) ) ;
#2266 = CARTESIAN_POINT ( 'NONE',  ( 26.47142055300187735, 151.1723303228193629, -156.2609900299185597 ) ) ;
#2267 = VERTEX_POINT ( 'NONE', #354 ) ;
#2268 = CARTESIAN_POINT ( 'NONE',  ( 24.73184378574316256, 161.7212171917047385, -154.9166105920291443 ) ) ;
#2269 = DIRECTION ( 'NONE',  ( -0.9999877781250670061, -5.381554972537443246E-05, -0.004943754077442311969 ) ) ;
#2270 = FACE_OUTER_BOUND ( 'NONE', #2597, .T. ) ;
#2271 = VECTOR ( 'NONE', #2257, 1000.000000000000227 ) ;
#2272 = ORIENTED_EDGE ( 'NONE', *, *, #2192, .T. ) ;
#2273 = DIRECTION ( 'NONE',  ( -0.004645884459284524773, 0.3522282340390545663, 0.9359026054581320864 ) ) ;
#2274 = DIRECTION ( 'NONE',  ( 0.9999877781250671172, 5.381554972451470757E-05, 0.004943754077442194007 ) ) ;
#2275 = CIRCLE ( 'NONE', #1657, 34.00000000000000711 ) ;
#2276 = EDGE_CURVE ( 'NONE', #2398, #2967, #1197, .T. ) ;
#2277 = AXIS2_PLACEMENT_3D ( 'NONE', #2522, #2795, #2087 ) ;
#2278 = ADVANCED_FACE ( 'NONE', ( #2478 ), #1049, .T. ) ;
#2279 = EDGE_LOOP ( 'NONE', ( #1559 ) ) ;
#2280 = DIRECTION ( 'NONE',  ( -0.004944046975061859930, 0.01088478573707840798, 0.9999285363659576875 ) ) ;
#2281 = FACE_OUTER_BOUND ( 'NONE', #2988, .T. ) ;
#2282 = EDGE_LOOP ( 'NONE', ( #62, #172, #1472, #1541 ) ) ;
#2283 = CARTESIAN_POINT ( 'NONE',  ( 0.2098950102911827931, 132.7927153830478062, -150.2226322660638402 ) ) ;
#2284 = DIRECTION ( 'NONE',  ( -1.734723475976814983E-15, 0.9999407575168363094, -0.01088491877120073038 ) ) ;
#2285 = ORIENTED_EDGE ( 'NONE', *, *, #2572, .T. ) ;
#2286 = CARTESIAN_POINT ( 'NONE',  ( 19.41159281218171984, 161.9296459502798484, -152.0494612443154381 ) ) ;
#2287 = CARTESIAN_POINT ( 'NONE',  ( -25.92150358109782715, 151.1437071799057605, -157.0520617978482107 ) ) ;
#2288 = PLANE ( 'NONE',  #3083 ) ;
#2289 = EDGE_LOOP ( 'NONE', ( #2402, #737, #2326, #2152, #741, #1070, #460, #242 ) ) ;
#2290 = CARTESIAN_POINT ( 'NONE',  ( -26.66678356412064588, 150.7323952218425802, -155.8618982703776226 ) ) ;
#2291 = DIRECTION ( 'NONE',  ( 0.000000000000000000, 0.9999407575168361983, -0.01088491877119453222 ) ) ;
#2292 = ORIENTED_EDGE ( 'NONE', *, *, #2535, .F. ) ;
#2293 = CYLINDRICAL_SURFACE ( 'NONE', #362, 34.10000000000000853 ) ;
#2294 = EDGE_CURVE ( 'NONE', #870, #901, #196, .T. ) ;
#2295 = PLANE ( 'NONE',  #1644 ) ;
#2296 = ORIENTED_EDGE ( 'NONE', *, *, #3039, .F. ) ;
#2297 = LINE ( 'NONE', #645, #1147 ) ;
#2298 = CARTESIAN_POINT ( 'NONE',  ( -19.83188495149813946, 160.5015387205912987, -142.1227455253727783 ) ) ;
#2299 = EDGE_LOOP ( 'NONE', ( #796, #2477, #1861, #344 ) ) ;
#2300 = DIRECTION ( 'NONE',  ( -0.004944046975061859930, 0.01088478573707893707, 0.9999285363659576875 ) ) ;
#2301 = CARTESIAN_POINT ( 'NONE',  ( 25.85200488063514968, 145.5891756228924407, -188.8160608546203036 ) ) ;
#2302 = CARTESIAN_POINT ( 'NONE',  ( -8.644145607070086612, 170.4688786494968156, -180.1786447888390796 ) ) ;
#2303 = ORIENTED_EDGE ( 'NONE', *, *, #1839, .T. ) ;
#2304 = CARTESIAN_POINT ( 'NONE',  ( -27.47655254074999576, 151.6063139135952440, -155.1072578616881117 ) ) ;
#2305 = CARTESIAN_POINT ( 'NONE',  ( 20.20965057279259369, 194.9930097642211422, -150.8008307323589747 ) ) ;
#2306 = TOROIDAL_SURFACE ( 'NONE', #1176, 33.00000000000000000, 1.000000000000000000 ) ;
#2307 = ORIENTED_EDGE ( 'NONE', *, *, #2791, .F. ) ;
#2308 = CIRCLE ( 'NONE', #2917, 1.999999999999990896 ) ;
#2309 = CARTESIAN_POINT ( 'NONE',  ( 20.20635468975326532, 195.0002659615992116, -150.1342416970692568 ) ) ;
#2310 = LINE ( 'NONE', #1621, #883 ) ;
#2311 = ADVANCED_FACE ( 'NONE', ( #537 ), #2328, .F. ) ;
#2312 = CARTESIAN_POINT ( 'NONE',  ( 27.73574999632157301, 150.7313824340551776, -155.9549378059591902 ) ) ;
#2313 = VECTOR ( 'NONE', #1281, 1000.000000000000227 ) ;
#2314 = FACE_OUTER_BOUND ( 'NONE', #1198, .T. ) ;
#2315 = EDGE_CURVE ( 'NONE', #1024, #1632, #1707, .T. ) ;
#2316 = ADVANCED_FACE ( 'NONE', ( #1985 ), #108, .F. ) ;
#2317 = ORIENTED_EDGE ( 'NONE', *, *, #1027, .F. ) ;
#2318 = DIRECTION ( 'NONE',  ( -0.004944046975043365176, 0.01088478573707131469, 0.9999285363659577985 ) ) ;
#2319 = CARTESIAN_POINT ( 'NONE',  ( 26.40556621235624135, 151.1465232243495223, -156.7933664714542772 ) ) ;
#2320 = VECTOR ( 'NONE', #506, 1000.000000000000114 ) ;
#2321 = LINE ( 'NONE', #144, #32 ) ;
#2322 = VECTOR ( 'NONE', #2628, 1000.000000000000000 ) ;
#2323 = ORIENTED_EDGE ( 'NONE', *, *, #1315, .F. ) ;
#2324 = DIRECTION ( 'NONE',  ( 0.004943754084601157534, 0.000000000000000000, -0.9999877795731060282 ) ) ;
#2325 = AXIS2_PLACEMENT_3D ( 'NONE', #115, #3009, #81 ) ;
#2326 = ORIENTED_EDGE ( 'NONE', *, *, #1702, .F. ) ;
#2327 = CARTESIAN_POINT ( 'NONE',  ( 8.772087945697849776, 165.6522355817936329, -155.0383133648398939 ) ) ;
#2328 = TOROIDAL_SURFACE ( 'NONE', #2887, 33.00000000000000000, 1.000000000000000000 ) ;
#2329 = DIRECTION ( 'NONE',  ( -0.004944046975061858196, 0.01088478573707893360, 0.9999285363659575765 ) ) ;
#2330 = CIRCLE ( 'NONE', #1561, 9.999999999999992895 ) ;
#2331 = CARTESIAN_POINT ( 'NONE',  ( -30.57073222257621481, 151.2688094613511112, -155.1855393492979829 ) ) ;
#2332 = CARTESIAN_POINT ( 'NONE',  ( -23.02534357652212549, 163.3869719143391421, -1.892405799972442404 ) ) ;
#2333 = AXIS2_PLACEMENT_3D ( 'NONE', #2385, #2847, #3082 ) ;
#2334 = DIRECTION ( 'NONE',  ( -0.004944046975061859930, 0.01088478573707841665, 0.9999285363659575765 ) ) ;
#2335 = ORIENTED_EDGE ( 'NONE', *, *, #3077, .T. ) ;
#2336 = DIRECTION ( 'NONE',  ( -0.004944046975061859930, 0.01088478573707893707, 0.9999285363659576875 ) ) ;
#2337 = CARTESIAN_POINT ( 'NONE',  ( -7.524185823177521826, 165.1391677430549407, -155.2273465453289134 ) ) ;
#2338 = ADVANCED_FACE ( 'NONE', ( #781 ), #1953, .T. ) ;
#2339 = ADVANCED_FACE ( 'NONE', ( #2936 ), #2730, .F. ) ;
#2340 = EDGE_LOOP ( 'NONE', ( #928, #2959, #1977, #1624, #363, #992, #1598, #1984, #876, #2264, #985, #2566, #2156, #1351, #1764, #2203 ) ) ;
#2341 = DIRECTION ( 'NONE',  ( 0.9999877781250671172, 5.381554972537442569E-05, 0.004943754077442311101 ) ) ;
#2342 = FACE_OUTER_BOUND ( 'NONE', #3118, .T. ) ;
#2343 = VERTEX_POINT ( 'NONE', #2025 ) ;
#2344 = DIRECTION ( 'NONE',  ( -9.461665283317302039E-17, 0.9999407575168363094, -0.01088491877119489824 ) ) ;
#2345 = CARTESIAN_POINT ( 'NONE',  ( -8.644145607070084836, 172.4687601645304653, -180.2004146263814732 ) ) ;
#2346 = CARTESIAN_POINT ( 'NONE',  ( 30.74701236129826398, 151.7442504345791292, -154.7782642838414517 ) ) ;
#2347 = CARTESIAN_POINT ( 'NONE',  ( 30.93671205709346950, 151.7333755916904181, -155.7772794225518282 ) ) ;
#2348 = DIRECTION ( 'NONE',  ( 0.001690963655019183829, 0.9359141350837779649, -0.3522241791704556757 ) ) ;
#2349 = EDGE_LOOP ( 'NONE', ( #2450, #1868, #1690, #767, #688, #21 ) ) ;
#2350 = FACE_OUTER_BOUND ( 'NONE', #820, .T. ) ;
#2351 = CARTESIAN_POINT ( 'NONE',  ( 22.66759561881722007, 161.8626117751873039, -141.9274271274267960 ) ) ;
#2352 = ORIENTED_EDGE ( 'NONE', *, *, #493, .T. ) ;
#2353 = CARTESIAN_POINT ( 'NONE',  ( -22.33185439681080808, 161.8601900754498217, -142.1498960609116580 ) ) ;
#2354 = EDGE_CURVE ( 'NONE', #1888, #2955, #2481, .T. ) ;
#2355 = DIRECTION ( 'NONE',  ( -0.004944046975061859930, 0.01088478573707840798, 0.9999285363659576875 ) ) ;
#2356 = DIRECTION ( 'NONE',  ( 0.000000000000000000, -0.01088491877119429629, -0.9999407575168363094 ) ) ;
#2357 = EDGE_CURVE ( 'NONE', #1774, #1641, #1297, .T. ) ;
#2358 = VERTEX_POINT ( 'NONE', #3032 ) ;
#2359 = CARTESIAN_POINT ( 'NONE',  ( 8.941659344413285027, 165.8586337256067509, -151.1975921195725050 ) ) ;
#2360 = DIRECTION ( 'NONE',  ( 0.000000000000000000, -0.9999407575168363094, 0.01088491877120073038 ) ) ;
#2361 = DIRECTION ( 'NONE',  ( 0.000000000000000000, 0.01088491877118685433, 0.9999407575168365314 ) ) ;
#2362 = CARTESIAN_POINT ( 'NONE',  ( 0.2420313156291974133, 164.7200685162958393, -157.0704851531207851 ) ) ;
#2363 = VECTOR ( 'NONE', #2474, 1000.000000000000227 ) ;
#2364 = EDGE_LOOP ( 'NONE', ( #787, #1937, #17, #1499 ) ) ;
#2365 = DIRECTION ( 'NONE',  ( 0.000000000000000000, -0.9359127059959945205, 0.3522320353903872769 ) ) ;
#2366 = CARTESIAN_POINT ( 'NONE',  ( -12.61937648469504580, 168.0650114707401883, -185.1724898161671433 ) ) ;
#2367 = EDGE_LOOP ( 'NONE', ( #2404 ) ) ;
#2368 = CARTESIAN_POINT ( 'NONE',  ( 11.35560995543146845, 163.4468825379298949, -180.0033196053526297 ) ) ;
#2369 = B_SPLINE_CURVE_WITH_KNOTS ( 'NONE', 3,
 ( #1809, #2118, #1094, #2331, #428, #1376, #3049, #154, #1140, #1854 ),
 .UNSPECIFIED., .F., .F.,
 ( 4, 2, 2, 2, 4 ),
 ( 0.000000000000000000, 0.0004222752877453360269, 0.0008445505754906720538, 0.001266825863236008135, 0.001689101150981344108 ),
 .UNSPECIFIED. ) ;
#2370 = CIRCLE ( 'NONE', #2980, 1.000000000000002220 ) ;
#2371 = ORIENTED_EDGE ( 'NONE', *, *, #2954, .F. ) ;
#2372 = DIRECTION ( 'NONE',  ( -8.673640781692822708E-19, 0.9359127059959950756, -0.3522320353903856671 ) ) ;
#2373 = VERTEX_POINT ( 'NONE', #1622 ) ;
#2374 = DIRECTION ( 'NONE',  ( 0.000000000000000000, -0.9999407575168364204, 0.01088491877118685260 ) ) ;
#2375 = EDGE_CURVE ( 'NONE', #1563, #2434, #3090, .T. ) ;
#2376 = EDGE_CURVE ( 'NONE', #974, #2343, #2543, .T. ) ;
#2377 = CARTESIAN_POINT ( 'NONE',  ( 8.391567133392833000, 165.3669990118523856, -155.0649465717301894 ) ) ;
#2378 = VECTOR ( 'NONE', #1642, 1000.000000000000114 ) ;
#2379 = CARTESIAN_POINT ( 'NONE',  ( -18.38499353848200002, 162.9982699515481670, -152.5499654235371167 ) ) ;
#2380 = VECTOR ( 'NONE', #766, 1000.000000000000114 ) ;
#2381 = LINE ( 'NONE', #1348, #1843 ) ;
#2382 = CIRCLE ( 'NONE', #2225, 35.94690529099829490 ) ;
#2383 = ORIENTED_EDGE ( 'NONE', *, *, #220, .T. ) ;
#2384 = CARTESIAN_POINT ( 'NONE',  ( -8.465293706627948112, 165.8718554663722102, -142.1250034727910929 ) ) ;
#2385 = CARTESIAN_POINT ( 'NONE',  ( 0.1728146579782196268, 132.8743512760757994, -142.7231682433192645 ) ) ;
#2386 = ORIENTED_EDGE ( 'NONE', *, *, #421, .T. ) ;
#2387 = DIRECTION ( 'NONE',  ( 0.000000000000000000, -0.9999407575168364204, 0.01088491877118685260 ) ) ;
#2388 = PRODUCT_DEFINITION_SHAPE ( 'NONE', 'NONE',  #3 ) ;
#2389 = ORIENTED_EDGE ( 'NONE', *, *, #2626, .T. ) ;
#2390 = CARTESIAN_POINT ( 'NONE',  ( 42.16070873653652029, 145.9013635851270294, -140.3124422613132651 ) ) ;
#2391 = FACE_OUTER_BOUND ( 'NONE', #2718, .T. ) ;
#2392 = CARTESIAN_POINT ( 'NONE',  ( 0.2420313156292075718, 132.7219642757570739, -156.7221677524425445 ) ) ;
#2393 = LINE ( 'NONE', #216, #991 ) ;
#2394 = EDGE_LOOP ( 'NONE', ( #938, #1206, #339, #2682, #562, #217, #2694, #884, #3148, #2323, #1259, #1387, #2105, #2896, #275, #1649, #353, #853, #1017 ) ) ;
#2395 = CARTESIAN_POINT ( 'NONE',  ( 28.14371949810177753, 150.7330518667064041, -155.8015757290369834 ) ) ;
#2396 = EDGE_CURVE ( 'NONE', #33, #30, #843, .T. ) ;
#2397 = CARTESIAN_POINT ( 'NONE',  ( -12.80174208971738992, 165.4752348705334555, -152.6428775926042078 ) ) ;
#2398 = VERTEX_POINT ( 'NONE', #1827 ) ;
#2399 = DIRECTION ( 'NONE',  ( 0.004944046975061859063, -0.01088478573707893533, -0.9999285363659575765 ) ) ;
#2400 = ADVANCED_FACE ( 'NONE', ( #662 ), #2052, .F. ) ;
#2401 = CARTESIAN_POINT ( 'NONE',  ( -5.594741802944127151, 170.0602100115202120, -190.1598334146349600 ) ) ;
#2402 = ORIENTED_EDGE ( 'NONE', *, *, #1196, .T. ) ;
#2403 = LINE ( 'NONE', #1161, #1193 ) ;
#2404 = ORIENTED_EDGE ( 'NONE', *, *, #1976, .T. ) ;
#2405 = CARTESIAN_POINT ( 'NONE',  ( -10.64839148108642597, 162.5286019085740747, -179.2383292596096851 ) ) ;
#2406 = DIRECTION ( 'NONE',  ( 0.000000000000000000, 0.9999407575168364204, -0.01088491877119459640 ) ) ;
#2407 = CARTESIAN_POINT ( 'NONE',  ( -24.79825156908557560, 145.8985206972326125, -188.9916981785835333 ) ) ;
#2408 = DIRECTION ( 'NONE',  ( -0.004943754084601015286, 0.000000000000000000, 0.9999877795731060282 ) ) ;
#2409 = ORIENTED_EDGE ( 'NONE', *, *, #165, .F. ) ;
#2410 = CARTESIAN_POINT ( 'NONE',  ( 31.14868949924902708, 209.0565962571182581, -159.6439914529894963 ) ) ;
#2411 = DIRECTION ( 'NONE',  ( -0.004944046975061860798, 0.01088478573707841839, 0.9999285363659577985 ) ) ;
#2412 = EDGE_CURVE ( 'NONE', #3104, #1793, #1318, .T. ) ;
#2413 = VERTEX_POINT ( 'NONE', #170 ) ;
#2414 = CARTESIAN_POINT ( 'NONE',  ( 0.3755205839557646530, 132.4280750608562016, -183.7202382343005240 ) ) ;
#2415 = SURFACE_STYLE_USAGE ( .BOTH. , #1429 ) ;
#2416 = EDGE_CURVE ( 'NONE', #679, #653, #1064, .T. ) ;
#2417 = EDGE_CURVE ( 'NONE', #775, #1106, #2297, .T. ) ;
#2418 = ORIENTED_EDGE ( 'NONE', *, *, #1349, .F. ) ;
#2419 = CARTESIAN_POINT ( 'NONE',  ( 28.43248702353644930, 150.7333000662796110, -155.7787749278131173 ) ) ;
#2420 = AXIS2_PLACEMENT_3D ( 'NONE', #2811, #1870, #1634 ) ;
#2421 = AXIS2_PLACEMENT_3D ( 'NONE', #671, #131, #163 ) ;
#2422 = ORIENTED_EDGE ( 'NONE', *, *, #1703, .T. ) ;
#2423 = CARTESIAN_POINT ( 'NONE',  ( -25.84690025011956038, 145.3639207396045663, -189.6845154361646451 ) ) ;
#2424 = FACE_OUTER_BOUND ( 'NONE', #117, .T. ) ;
#2425 = CARTESIAN_POINT ( 'NONE',  ( 25.93518930980492954, 145.9125273290747202, -142.4644439067516544 ) ) ;
#2426 = EDGE_LOOP ( 'NONE', ( #207, #1616, #2272, #825, #1915 ) ) ;
#2427 = CARTESIAN_POINT ( 'NONE',  ( -18.39546843547994115, 162.9795876872740337, -152.5464580936230732 ) ) ;
#2428 = CIRCLE ( 'NONE', #1295, 1.700000000000017275 ) ;
#2429 = DIRECTION ( 'NONE',  ( 0.004943754084600977122, 0.000000000000000000, -0.9999877795731061392 ) ) ;
#2430 = EDGE_LOOP ( 'NONE', ( #487, #2611, #2220, #2189, #1908, #2352, #968 ) ) ;
#2431 = CARTESIAN_POINT ( 'NONE',  ( -22.30135320517845443, 203.0743575841727875, -153.3839483604123473 ) ) ;
#2432 = AXIS2_PLACEMENT_3D ( 'NONE', #1125, #1856, #2557 ) ;
#2433 = VECTOR ( 'NONE', #2018, 1000.000000000000227 ) ;
#2434 = VERTEX_POINT ( 'NONE', #1608 ) ;
#2435 = CARTESIAN_POINT ( 'NONE',  ( 26.75298347298222623, 150.7275155807141971, -156.3101654691232625 ) ) ;
#2436 = ADVANCED_FACE ( 'NONE', ( #121 ), #371, .F. ) ;
#2437 = ORIENTED_EDGE ( 'NONE', *, *, #1231, .F. ) ;
#2438 = LINE ( 'NONE', #1181, #1093 ) ;
#2439 = CARTESIAN_POINT ( 'NONE',  ( 8.801034928634683396, 165.8727846746959926, -142.0396419469201419 ) ) ;
#2440 = CARTESIAN_POINT ( 'NONE',  ( -20.65069170458435721, 238.6243685422186900, -171.0289989253956264 ) ) ;
#2441 = ORIENTED_EDGE ( 'NONE', *, *, #2901, .T. ) ;
#2442 = DIRECTION ( 'NONE',  ( 4.336808689942037300E-14, 0.9999407575168363094, -0.01088491877120073038 ) ) ;
#2443 = CARTESIAN_POINT ( 'NONE',  ( -22.91480255873772620, 160.0560726571280270, -167.5726771868043556 ) ) ;
#2444 = CARTESIAN_POINT ( 'NONE',  ( 31.34718047950098452, 150.7426409047925517, -155.6224427860154265 ) ) ;
#2445 = VERTEX_POINT ( 'NONE', #2037 ) ;
#2446 = CARTESIAN_POINT ( 'NONE',  ( -24.89662647425953779, 145.7152664874565176, -188.9901897581298158 ) ) ;
#2447 = ORIENTED_EDGE ( 'NONE', *, *, #179, .T. ) ;
#2448 = DIRECTION ( 'NONE',  ( -0.004944046975061858196, 0.01088478573707894054, 0.9999285363659575765 ) ) ;
#2449 = EDGE_CURVE ( 'NONE', #2129, #945, #1811, .T. ) ;
#2450 = ORIENTED_EDGE ( 'NONE', *, *, #1425, .F. ) ;
#2451 = CARTESIAN_POINT ( 'NONE',  ( -19.83188495149815012, 171.7994986381992248, -142.2457301872729261 ) ) ;
#2452 = DIRECTION ( 'NONE',  ( 0.004944046975062000443, -0.01088478573707908105, -0.9999285363659576875 ) ) ;
#2453 = EDGE_CURVE ( 'NONE', #3041, #1076, #1364, .T. ) ;
#2454 = CARTESIAN_POINT ( 'NONE',  ( -19.47008786835771588, 161.0064810659542047, -151.7038064830243798 ) ) ;
#2455 = CARTESIAN_POINT ( 'NONE',  ( -12.50278762864163795, 164.7213290857937125, -150.6330498151756956 ) ) ;
#2456 = CARTESIAN_POINT ( 'NONE',  ( 0.3804646309308268304, 132.4171902751191396, -184.7201667706664807 ) ) ;
#2457 = VERTEX_POINT ( 'NONE', #1794 ) ;
#2458 = CARTESIAN_POINT ( 'NONE',  ( 13.38030574655694416, 168.0664106750329267, -185.0439522101536340 ) ) ;
#2459 =( NAMED_UNIT ( * ) SI_UNIT ( $, .STERADIAN. ) SOLID_ANGLE_UNIT ( ) );
#2460 = ORIENTED_EDGE ( 'NONE', *, *, #2294, .F. ) ;
#2461 = CARTESIAN_POINT ( 'NONE',  ( 18.80110714956126827, 163.0405959268798313, -152.3738237273645098 ) ) ;
#2462 = AXIS2_PLACEMENT_3D ( 'NONE', #1169, #2411, #519 ) ;
#2463 = ORIENTED_EDGE ( 'NONE', *, *, #2122, .F. ) ;
#2464 = CARTESIAN_POINT ( 'NONE',  ( 6.232069890429624337, 168.7419240111358647, -155.0845052310089613 ) ) ;
#2465 = AXIS2_PLACEMENT_3D ( 'NONE', #2035, #1776, #2002 ) ;
#2466 = DIRECTION ( 'NONE',  ( 0.000000000000000000, 0.9999407575168363094, -0.01088491877119485488 ) ) ;
#2467 = VECTOR ( 'NONE', #2995, 1000.000000000000227 ) ;
#2468 = VERTEX_POINT ( 'NONE', #382 ) ;
#2469 = CARTESIAN_POINT ( 'NONE',  ( 6.235108023675643985, 164.7354722441712909, -155.6554249543282253 ) ) ;
#2470 = B_SPLINE_CURVE_WITH_KNOTS ( 'NONE', 3,
 ( #1580, #1863, #849, #2337, #143, #174, #450, #651, #420, #1381 ),
 .UNSPECIFIED., .F., .F.,
 ( 4, 2, 2, 2, 4 ),
 ( 0.001544328649835094566, 0.002250810413256555502, 0.002957292176678013619, 0.003663773940099471736, 0.004370255703520930721 ),
 .UNSPECIFIED. ) ;
#2471 = VECTOR ( 'NONE', #2677, 1000.000000000000227 ) ;
#2472 = EDGE_CURVE ( 'NONE', #107, #44, #604, .T. ) ;
#2473 = ADVANCED_FACE ( 'NONE', ( #3079 ), #1842, .F. ) ;
#2474 = DIRECTION ( 'NONE',  ( 0.004944046975061859930, -0.01088478573707893360, -0.9999285363659575765 ) ) ;
#2475 = AXIS2_PLACEMENT_3D ( 'NONE', #1135, #1619, #2836 ) ;
#2476 = CARTESIAN_POINT ( 'NONE',  ( 31.32931714574460003, 150.7737900886124578, -155.4853287856763302 ) ) ;
#2477 = ORIENTED_EDGE ( 'NONE', *, *, #1255, .T. ) ;
#2478 = FACE_OUTER_BOUND ( 'NONE', #2738, .T. ) ;
#2479 = VECTOR ( 'NONE', #1083, 1000.000000000000114 ) ;
#2480 = CARTESIAN_POINT ( 'NONE',  ( 22.72116694178845009, 199.0942830611251395, -155.9364959639795813 ) ) ;
#2481 = CIRCLE ( 'NONE', #252, 1.999999999999990896 ) ;
#2482 = EDGE_LOOP ( 'NONE', ( #2383 ) ) ;
#2483 = CARTESIAN_POINT ( 'NONE',  ( 19.25542878710650641, 162.2176922117873801, -152.1620500592064786 ) ) ;
#2484 = CARTESIAN_POINT ( 'NONE',  ( -17.77999690200987004, 164.0604546252041303, -152.6520913968664956 ) ) ;
#2485 = AXIS2_PLACEMENT_3D ( 'NONE', #470, #919, #2180 ) ;
#2486 = EDGE_LOOP ( 'NONE', ( #1082, #761, #166, #1514, #370 ) ) ;
#2487 = CARTESIAN_POINT ( 'NONE',  ( -27.81223554372343187, 150.7302731884844320, -156.0568384153824866 ) ) ;
#2488 = CARTESIAN_POINT ( 'NONE',  ( -11.29627642712361713, 166.5545275514378147, -185.1066133040590387 ) ) ;
#2489 = CYLINDRICAL_SURFACE ( 'NONE', #2538, 10.00000000000000355 ) ;
#2490 = CARTESIAN_POINT ( 'NONE',  ( 0.1678706110031573384, 171.8005749491937024, -142.1468551057240859 ) ) ;
#2491 = CARTESIAN_POINT ( 'NONE',  ( -10.64412116332021974, 163.5818774114561620, -180.1135645782227641 ) ) ;
#2492 = EDGE_CURVE ( 'NONE', #1106, #1832, #2585, .T. ) ;
#2493 = EDGE_LOOP ( 'NONE', ( #1699 ) ) ;
#2494 = DIRECTION ( 'NONE',  ( 0.000000000000000000, -0.9999407575168363094, 0.01088491877120073038 ) ) ;
#2495 = DIRECTION ( 'NONE',  ( 0.004944046975061859930, -0.01088478573707893360, -0.9999285363659576875 ) ) ;
#2496 = EDGE_CURVE ( 'NONE', #1422, #739, #2520, .T. ) ;
#2497 = ORIENTED_EDGE ( 'NONE', *, *, #2764, .F. ) ;
#2498 = CARTESIAN_POINT ( 'NONE',  ( 20.13627989479858016, 160.5538159791793476, -150.9729348189870848 ) ) ;
#2499 = CARTESIAN_POINT ( 'NONE',  ( -26.03443938693739312, 151.1829358677612447, -156.3907733845138921 ) ) ;
#2500 = ORIENTED_EDGE ( 'NONE', *, *, #2649, .T. ) ;
#2501 = CARTESIAN_POINT ( 'NONE',  ( -5.832056057746981104, 164.8830174090538492, -142.1012196320962460 ) ) ;
#2502 = CARTESIAN_POINT ( 'NONE',  ( 21.97410643910590267, 0.001182563070863627656, 0.1086359060409351207 ) ) ;
#2503 = EDGE_LOOP ( 'NONE', ( #2441 ) ) ;
#2504 = CARTESIAN_POINT ( 'NONE',  ( -10.78083496451224654, 239.1219094538602405, -141.2609789676218384 ) ) ;
#2505 = DIRECTION ( 'NONE',  ( 0.004943754084601090747, 0.000000000000000000, -0.9999877795731060282 ) ) ;
#2506 = DIRECTION ( 'NONE',  ( 0.004944046975061999576, -0.01088478573707907758, -0.9999285363659576875 ) ) ;
#2507 = VERTEX_POINT ( 'NONE', #1423 ) ;
#2508 = DIRECTION ( 'NONE',  ( 0.004645884459284524773, -0.3522282340390543998, -0.9359026054581320864 ) ) ;
#2509 = CYLINDRICAL_SURFACE ( 'NONE', #3074, 1.699999999999989519 ) ;
#2510 = ORIENTED_EDGE ( 'NONE', *, *, #1778, .F. ) ;
#2511 = CARTESIAN_POINT ( 'NONE',  ( 18.29287710919614796, 163.9356355472921791, -152.4723739410481187 ) ) ;
#2512 = CARTESIAN_POINT ( 'NONE',  ( -22.12267949585223192, 179.9621083446270120, -184.6573723309583102 ) ) ;
#2513 = DIRECTION ( 'NONE',  ( -0.004645884459284525640, 0.3522282340390544553, 0.9359026054581321974 ) ) ;
#2514 = EDGE_CURVE ( 'NONE', #37, #2525, #1682, .T. ) ;
#2515 = EDGE_CURVE ( 'NONE', #805, #2851, #218, .T. ) ;
#2516 = ORIENTED_EDGE ( 'NONE', *, *, #2844, .T. ) ;
#2517 = CARTESIAN_POINT ( 'NONE',  ( 26.24970169736213066, 145.8808662210521163, -142.1954282707642960 ) ) ;
#2518 = DIRECTION ( 'NONE',  ( 0.004944046975062000443, -0.01088478573707908105, -0.9999285363659576875 ) ) ;
#2519 = VECTOR ( 'NONE', #2763, 1000.000000000000227 ) ;
#2520 = B_SPLINE_CURVE_WITH_KNOTS ( 'NONE', 3,
 ( #1328, #2841, #2777, #601, #1560, #2312, #711, #2395, #2636, #1187 ),
 .UNSPECIFIED., .F., .F.,
 ( 4, 2, 2, 2, 4 ),
 ( 0.000000000000000000, 0.0004413669584204778034, 0.0008827339168409556068, 0.001324100875261433356, 0.001765467833681911214 ),
 .UNSPECIFIED. ) ;
#2521 = ORIENTED_EDGE ( 'NONE', *, *, #926, .F. ) ;
#2522 = CARTESIAN_POINT ( 'NONE',  ( -5.683734648495125441, 168.5562368670088631, -172.1426153981597622 ) ) ;
#2523 = LINE ( 'NONE', #1507, #2363 ) ;
#2524 = DIRECTION ( 'NONE',  ( 0.000000000000000000, 0.01088491877119480804, 0.9999407575168361983 ) ) ;
#2525 = VERTEX_POINT ( 'NONE', #722 ) ;
#2526 = DIRECTION ( 'NONE',  ( 0.004943754084600615432, 0.000000000000000000, -0.9999877795731060282 ) ) ;
#2527 = CARTESIAN_POINT ( 'NONE',  ( 9.355634399181383287, 170.4698473293918539, -180.0896572154451576 ) ) ;
#2528 = ORIENTED_EDGE ( 'NONE', *, *, #1329, .T. ) ;
#2529 = CARTESIAN_POINT ( 'NONE',  ( 20.02341207402334788, 160.7723841170401897, -151.2819550126955335 ) ) ;
#2530 = CIRCLE ( 'NONE', #191, 28.59999999999998366 ) ;
#2531 = CARTESIAN_POINT ( 'NONE',  ( 22.73186822949302055, 197.4440146610706961, -155.3153620577401739 ) ) ;
#2532 = CARTESIAN_POINT ( 'NONE',  ( -10.65079962637875610, 229.2632661933939744, -167.4562950215004093 ) ) ;
#2533 = VERTEX_POINT ( 'NONE', #503 ) ;
#2534 = CARTESIAN_POINT ( 'NONE',  ( -27.25926327704143759, 150.7284213411066389, -156.2269579825257608 ) ) ;
#2535 = EDGE_CURVE ( 'NONE', #77, #1924, #2617, .T. ) ;
#2536 = DIRECTION ( 'NONE',  ( -0.004944046975061859063, 0.01088478573707893880, 0.9999285363659576875 ) ) ;
#2537 = AXIS2_PLACEMENT_3D ( 'NONE', #2414, #449, #3113 ) ;
#2538 = AXIS2_PLACEMENT_3D ( 'NONE', #2504, #2758, #1029 ) ;
#2539 = DIRECTION ( 'NONE',  ( -0.004645884459284533446, 0.3522282340390548439, 0.9359026054581320864 ) ) ;
#2540 =( GEOMETRIC_REPRESENTATION_CONTEXT ( 3 ) GLOBAL_UNCERTAINTY_ASSIGNED_CONTEXT ( ( #1990 ) ) GLOBAL_UNIT_ASSIGNED_CONTEXT ( ( #2642, #2700, #1173 ) ) REPRESENTATION_CONTEXT ( 'NONE', 'WORKASPACE' ) );
#2541 = CARTESIAN_POINT ( 'NONE',  ( -25.91833650004249279, 145.8976998291049370, -140.6490124323085240 ) ) ;
#2542 = ORIENTED_EDGE ( 'NONE', *, *, #139, .F. ) ;
#2543 = LINE ( 'NONE', #1576, #553 ) ;
#2544 = CARTESIAN_POINT ( 'NONE',  ( 26.40489595719983384, 151.1479988542947126, -156.6578080390829655 ) ) ;
#2545 = EDGE_LOOP ( 'NONE', ( #1845, #2131, #1572, #2942 ) ) ;
#2546 = CARTESIAN_POINT ( 'NONE',  ( -10.63388998982856393, 238.6224075442317485, -170.9785368132049541 ) ) ;
#2547 = DIRECTION ( 'NONE',  ( 0.000000000000000000, -0.9359127059959955197, 0.3522320353903848900 ) ) ;
#2548 = ORIENTED_EDGE ( 'NONE', *, *, #1105, .T. ) ;
#2549 = FACE_BOUND ( 'NONE', #1177, .T. ) ;
#2550 = CARTESIAN_POINT ( 'NONE',  ( 0.2420313156292075718, 132.7219642757570739, -156.7221677524425445 ) ) ;
#2551 = EDGE_CURVE ( 'NONE', #2813, #497, #1409, .T. ) ;
#2552 = DIRECTION ( 'NONE',  ( -0.004944046975061860798, 0.01088478573707841839, 0.9999285363659577985 ) ) ;
#2553 = B_SPLINE_CURVE_WITH_KNOTS ( 'NONE', 3,
 ( #2287, #2240, #818, #1731, #2499, #1785, #1037, #607, #112, #2043, #1769, #1565 ),
 .UNSPECIFIED., .F., .F.,
 ( 4, 2, 2, 2, 2, 4 ),
 ( 0.000000000000000000, 0.0004027004565550905304, 0.0008054009131101810609, 0.001610801826220357785, 0.002416202739330534401, 0.003221603652440711233 ),
 .UNSPECIFIED. ) ;
#2554 = EDGE_CURVE ( 'NONE', #911, #1932, #2382, .T. ) ;
#2555 = EDGE_CURVE ( 'NONE', #210, #858, #1911, .T. ) ;
#2556 = CARTESIAN_POINT ( 'NONE',  ( -22.32887277165304951, 175.2127985823446750, -142.8983488815447629 ) ) ;
#2557 = DIRECTION ( 'NONE',  ( -0.8176179852591166641, 0.5757610877619491196, 0.000000000000000000 ) ) ;
#2558 = CYLINDRICAL_SURFACE ( 'NONE', #930, 9.999999999999992895 ) ;
#2559 = ORIENTED_EDGE ( 'NONE', *, *, #664, .F. ) ;
#2560 = CARTESIAN_POINT ( 'NONE',  ( 11.35066590845639922, 162.5312691290672831, -178.9933056139093424 ) ) ;
#2561 = FACE_OUTER_BOUND ( 'NONE', #2426, .T. ) ;
#2562 = CARTESIAN_POINT ( 'NONE',  ( -17.78329491313857247, 164.0547552374811175, -152.6520456625058841 ) ) ;
#2563 = CARTESIAN_POINT ( 'NONE',  ( 11.38033019030677906, 163.5286374248647121, -185.0044446703487893 ) ) ;
#2564 = FACE_OUTER_BOUND ( 'NONE', #1836, .T. ) ;
#2565 = AXIS2_PLACEMENT_3D ( 'NONE', #1164, #2146, #1900 ) ;
#2566 = ORIENTED_EDGE ( 'NONE', *, *, #2357, .F. ) ;
#2567 = FACE_OUTER_BOUND ( 'NONE', #2591, .T. ) ;
#2568 = FACE_OUTER_BOUND ( 'NONE', #2674, .T. ) ;
#2569 = DIRECTION ( 'NONE',  ( 0.000000000000000000, 0.9359127059959954087, -0.3522320353903850010 ) ) ;
#2570 = EDGE_CURVE ( 'NONE', #682, #805, #2167, .T. ) ;
#2571 = CIRCLE ( 'NONE', #2205, 9.999999999999992895 ) ;
#2572 = EDGE_CURVE ( 'NONE', #1366, #2967, #2870, .T. ) ;
#2573 = CIRCLE ( 'NONE', #231, 4.000000000000008882 ) ;
#2574 = DIRECTION ( 'NONE',  ( 0.004944046975061859063, -0.01088478573707893186, -0.9999285363659575765 ) ) ;
#2575 = ORIENTED_EDGE ( 'NONE', *, *, #1976, .F. ) ;
#2576 = LINE ( 'NONE', #374, #1956 ) ;
#2577 = CARTESIAN_POINT ( 'NONE',  ( 20.27104418262720031, 160.3666143840565326, -150.4235993465818240 ) ) ;
#2578 = AXIS2_PLACEMENT_3D ( 'NONE', #709, #1438, #2408 ) ;
#2579 = ORIENTED_EDGE ( 'NONE', *, *, #2843, .F. ) ;
#2580 = CARTESIAN_POINT ( 'NONE',  ( -25.51476622419287921, 145.9508077569543048, -142.7690384145725488 ) ) ;
#2581 = FACE_OUTER_BOUND ( 'NONE', #2282, .T. ) ;
#2582 = VECTOR ( 'NONE', #2092, 1000.000000000000227 ) ;
#2583 = ORIENTED_EDGE ( 'NONE', *, *, #2039, .F. ) ;
#2584 = CARTESIAN_POINT ( 'NONE',  ( -10.64412116332021974, 172.4686525334310261, -180.2103021345363629 ) ) ;
#2585 = CIRCLE ( 'NONE', #2432, 0.9999999999999920064 ) ;
#2586 = DIRECTION ( 'NONE',  ( 0.000000000000000000, -0.9999407575168361983, 0.01088491877119450273 ) ) ;
#2587 = FACE_OUTER_BOUND ( 'NONE', #2635, .T. ) ;
#2588 = CARTESIAN_POINT ( 'NONE',  ( -11.93421699588109064, 166.1861852042895293, -185.1486500304437754 ) ) ;
#2589 = CARTESIAN_POINT ( 'NONE',  ( 0.3755205839557647640, 132.4280750608562016, -183.7202382343005240 ) ) ;
#2590 = EDGE_CURVE ( 'NONE', #110, #37, #305, .T. ) ;
#2591 = EDGE_LOOP ( 'NONE', ( #1039, #2951, #1317, #1091, #2643, #1675, #2715, #2668, #1509, #2800 ) ) ;
#2592 = DIRECTION ( 'NONE',  ( 0.000000000000000000, 0.9359127059959989614, -0.3522320353903755086 ) ) ;
#2593 = CARTESIAN_POINT ( 'NONE',  ( 17.78477622713309003, 164.6338246112970864, -152.4824863767142347 ) ) ;
#2594 = EDGE_CURVE ( 'NONE', #1136, #2967, #1362, .T. ) ;
#2595 = ORIENTED_EDGE ( 'NONE', *, *, #2690, .F. ) ;
#2596 = CARTESIAN_POINT ( 'NONE',  ( -26.42428451910001286, 145.8830348205945882, -141.9962103331005778 ) ) ;
#2597 = EDGE_LOOP ( 'NONE', ( #1115, #312, #1928, #2604, #2734, #674 ) ) ;
#2598 = DIRECTION ( 'NONE',  ( 0.000000000000000000, -0.01088491877118685433, -0.9999407575168365314 ) ) ;
#2599 = ORIENTED_EDGE ( 'NONE', *, *, #1406, .F. ) ;
#2600 = CARTESIAN_POINT ( 'NONE',  ( -9.380526014063089946, 167.0208151839757420, -152.5762842261541152 ) ) ;
#2601 = CARTESIAN_POINT ( 'NONE',  ( 6.235108023675643985, 164.7354722441712909, -155.6554249543282253 ) ) ;
#2602 = CARTESIAN_POINT ( 'NONE',  ( 27.35666594620552061, 151.4284014765921711, -183.7936619132813689 ) ) ;
#2603 = DIRECTION ( 'NONE',  ( 0.000000000000000000, 0.9999407575168364204, -0.01088491877118777894 ) ) ;
#2604 = ORIENTED_EDGE ( 'NONE', *, *, #3013, .F. ) ;
#2605 = CYLINDRICAL_SURFACE ( 'NONE', #2680, 1.000000000000002220 ) ;
#2606 = CARTESIAN_POINT ( 'NONE',  ( 16.80175832028036353, 162.8903377395733401, -150.4682250359535090 ) ) ;
#2607 = ORIENTED_EDGE ( 'NONE', *, *, #1840, .F. ) ;
#2608 = DIRECTION ( 'NONE',  ( -6.979402407411080124E-15, -0.9999407575168361983, 0.01088491877119492079 ) ) ;
#2609 = EDGE_CURVE ( 'NONE', #2698, #475, #1486, .T. ) ;
#2610 = EDGE_CURVE ( 'NONE', #1708, #728, #2695, .T. ) ;
#2611 = ORIENTED_EDGE ( 'NONE', *, *, #347, .T. ) ;
#2612 = CARTESIAN_POINT ( 'NONE',  ( 0.4002408188309498072, 132.3736511321704370, -188.7198809161300233 ) ) ;
#2613 = EDGE_LOOP ( 'NONE', ( #247, #2027, #2063, #309, #1374, #2793 ) ) ;
#2614 = CARTESIAN_POINT ( 'NONE',  ( -8.758079969033477852, 166.0948020037536992, -151.8633248903955462 ) ) ;
#2615 = PLANE ( 'NONE',  #2826 ) ;
#2616 = AXIS2_PLACEMENT_3D ( 'NONE', #2550, #625, #1089 ) ;
#2617 = LINE ( 'NONE', #2120, #2637 ) ;
#2618 = DIRECTION ( 'NONE',  ( 0.004944046975061859930, -0.01088478573707893707, -0.9999285363659576875 ) ) ;
#2619 = VECTOR ( 'NONE', #970, 1000.000000000000114 ) ;
#2620 = ORIENTED_EDGE ( 'NONE', *, *, #2354, .T. ) ;
#2621 = DIRECTION ( 'NONE',  ( 0.9999877781250670061, 5.381554972450341154E-05, 0.004943754077442331918 ) ) ;
#2622 = CYLINDRICAL_SURFACE ( 'NONE', #1304, 0.9999999999999953371 ) ;
#2623 = DIRECTION ( 'NONE',  ( -0.004944046975061859063, 0.01088478573707893533, 0.9999285363659575765 ) ) ;
#2624 = COLOUR_RGB ( '',1.000000000000000000, 1.000000000000000000, 1.000000000000000000 ) ;
#2625 = VECTOR ( 'NONE', #2704, 1000.000000000000114 ) ;
#2626 = EDGE_CURVE ( 'NONE', #1359, #2848, #1759, .T. ) ;
#2627 = EDGE_LOOP ( 'NONE', ( #932, #2906, #348, #2437, #1291 ) ) ;
#2628 = DIRECTION ( 'NONE',  ( 0.004645884459284525640, -0.3522282340390544553, -0.9359026054581321974 ) ) ;
#2629 = ORIENTED_EDGE ( 'NONE', *, *, #2570, .F. ) ;
#2630 = CARTESIAN_POINT ( 'NONE',  ( -8.641324188681281271, 165.9764704026797517, -151.6447672510419693 ) ) ;
#2631 = CIRCLE ( 'NONE', #602, 1.699999999999989519 ) ;
#2632 = CARTESIAN_POINT ( 'NONE',  ( -22.29648433693775900, 193.1391412173774711, -149.6447918333733753 ) ) ;
#2633 = VECTOR ( 'NONE', #2762, 1000.000000000000114 ) ;
#2634 = EDGE_CURVE ( 'NONE', #2507, #3104, #410, .T. ) ;
#2635 = EDGE_LOOP ( 'NONE', ( #665, #1819, #222, #517 ) ) ;
#2636 = CARTESIAN_POINT ( 'NONE',  ( 28.28613772843896257, 150.7332921903155807, -155.7794984515802810 ) ) ;
#2637 = VECTOR ( 'NONE', #2150, 1000.000000000000227 ) ;
#2638 = DIRECTION ( 'NONE',  ( 0.004944046975061859930, -0.01088478573707893360, -0.9999285363659576875 ) ) ;
#2639 = AXIS2_PLACEMENT_3D ( 'NONE', #104, #628, #1538 ) ;
#2640 = ORIENTED_EDGE ( 'NONE', *, *, #1425, .T. ) ;
#2641 = DIRECTION ( 'NONE',  ( 0.004944046975061859063, -0.01088478573707841839, -0.9999285363659575765 ) ) ;
#2642 =( LENGTH_UNIT ( ) NAMED_UNIT ( * ) SI_UNIT ( .MILLI., .METRE. ) );
#2643 = ORIENTED_EDGE ( 'NONE', *, *, #2705, .T. ) ;
#2644 = CARTESIAN_POINT ( 'NONE',  ( 20.17289042756836537, 160.4824972867514248, -150.8197350580704779 ) ) ;
#2645 = VERTEX_POINT ( 'NONE', #2469 ) ;
#2646 = CARTESIAN_POINT ( 'NONE',  ( -27.81219027735863136, 150.7302731910575062, -156.0568381790080537 ) ) ;
#2647 = LINE ( 'NONE', #1454, #2101 ) ;
#2648 = CARTESIAN_POINT ( 'NONE',  ( -9.321463540534379533, 166.9046936184721801, -152.5348446993851041 ) ) ;
#2649 = EDGE_CURVE ( 'NONE', #74, #37, #2931, .T. ) ;
#2650 = FILL_AREA_STYLE ('',( #1471 ) ) ;
#2651 = VERTEX_POINT ( 'NONE', #2208 ) ;
#2652 = DIRECTION ( 'NONE',  ( 0.000000000000000000, -0.9999407575168361983, 0.01088491877119450273 ) ) ;
#2653 = ADVANCED_FACE ( 'NONE', ( #39 ), #2489, .T. ) ;
#2654 = ADVANCED_FACE ( 'NONE', ( #297 ), #580, .F. ) ;
#2655 = CARTESIAN_POINT ( 'NONE',  ( -8.344066018720736722, 165.7857100319683070, -151.7957304233570142 ) ) ;
#2656 = ORIENTED_EDGE ( 'NONE', *, *, #1005, .F. ) ;
#2657 = FACE_OUTER_BOUND ( 'NONE', #3081, .T. ) ;
#2658 = ORIENTED_EDGE ( 'NONE', *, *, #2138, .F. ) ;
#2659 = CARTESIAN_POINT ( 'NONE',  ( 27.36852989466332176, 150.7276020939418402, -156.3022179498082949 ) ) ;
#2660 = ORIENTED_EDGE ( 'NONE', *, *, #492, .F. ) ;
#2661 = CARTESIAN_POINT ( 'NONE',  ( -26.18697026429750352, 145.3605651052150449, -189.9927800786436478 ) ) ;
#2662 = CARTESIAN_POINT ( 'NONE',  ( -8.422598456336151784, 165.7778578458478194, -150.7600749738072636 ) ) ;
#2663 = CARTESIAN_POINT ( 'NONE',  ( -25.75835003092089792, 150.7845092505824312, -190.0497034979019304 ) ) ;
#2664 = CARTESIAN_POINT ( 'NONE',  ( -18.32416054450350273, 163.1065324382585402, -152.5691439010266777 ) ) ;
#2665 = CLOSED_SHELL ( 'NONE', ( #1643, #2667, #2900, #1874, #1330, #146, #380, #710, #2828, #3133, #953, #1426, #280, #2706, #3076, #2998, #857, #103, #2725, #2747, #1688, #1023, #199, #1120, #551, #164, #2338, #105, #82, #3058, #1372, #890, #2097, #1175, #967, #477, #1006, #987, #2217, #756, #1170, #2977, #2311, #245, #2783, #2808, #1468, #2436, #572, #626, #1293, #1411, #1485, #2339, #1410, #2473, #1647, #793, #2400, #402, #2038, #1801, #2254, #1450, #1738, #3115, #1122, #2083, #2278, #790, #1371, #2654, #887, #2939, #323, #646, #947, #2653, #1935, #2789, #2316, #1528, #1934, #398 ) ) ;
#2666 = CARTESIAN_POINT ( 'NONE',  ( -17.34521001865028467, 164.6319340486693932, -152.6561625121053112 ) ) ;
#2667 = ADVANCED_FACE ( 'NONE', ( #1218 ), #1522, .T. ) ;
#2668 = ORIENTED_EDGE ( 'NONE', *, *, #1312, .T. ) ;
#2669 = DIRECTION ( 'NONE',  ( 0.004944046975062000443, -0.01088478573707908105, -0.9999285363659576875 ) ) ;
#2670 = AXIS2_PLACEMENT_3D ( 'NONE', #3066, #206, #430 ) ;
#2671 = CARTESIAN_POINT ( 'NONE',  ( 6.405111534556676922, 166.6610572225596627, -190.0634996418835954 ) ) ;
#2672 = CARTESIAN_POINT ( 'NONE',  ( 20.14781201156282009, 160.5313756267547944, -150.9302262574994415 ) ) ;
#2673 = CIRCLE ( 'NONE', #2420, 9.999999999999992895 ) ;
#2674 = EDGE_LOOP ( 'NONE', ( #2017 ) ) ;
#2675 = CARTESIAN_POINT ( 'NONE',  ( -26.01700575526745496, 145.3622437831598120, -189.8385686847856562 ) ) ;
#2676 = CARTESIAN_POINT ( 'NONE',  ( 22.73484985465079333, 199.0942837974876056, -155.9364283181965618 ) ) ;
#2677 = DIRECTION ( 'NONE',  ( -0.004944046975061859930, 0.01088478573707841665, 0.9999285363659575765 ) ) ;
#2678 = EDGE_LOOP ( 'NONE', ( #451, #1478, #2687, #1806 ) ) ;
#2679 = CARTESIAN_POINT ( 'NONE',  ( -18.30139585481395770, 163.1469666116414601, -152.5758014170775994 ) ) ;
#2680 = AXIS2_PLACEMENT_3D ( 'NONE', #432, #1379, #620 ) ;
#2681 = PLANE ( 'NONE',  #2465 ) ;
#2682 = ORIENTED_EDGE ( 'NONE', *, *, #1445, .F. ) ;
#2683 = DIRECTION ( 'NONE',  ( 0.000000000000000000, 0.9999407575168363094, -0.01088491877119520876 ) ) ;
#2684 = CIRCLE ( 'NONE', #357, 1.999999999999990896 ) ;
#2685 = EDGE_CURVE ( 'NONE', #901, #28, #2960, .T. ) ;
#2686 = AXIS2_PLACEMENT_3D ( 'NONE', #2392, #442, #2134 ) ;
#2687 = ORIENTED_EDGE ( 'NONE', *, *, #2555, .F. ) ;
#2688 = CARTESIAN_POINT ( 'NONE',  ( 27.86791712205948812, 150.7320324793670920, -155.8952215310605709 ) ) ;
#2689 = AXIS2_PLACEMENT_3D ( 'NONE', #209, #406, #913 ) ;
#2690 = EDGE_CURVE ( 'NONE', #2468, #808, #852, .T. ) ;
#2691 = ORIENTED_EDGE ( 'NONE', *, *, #8, .T. ) ;
#2692 = CARTESIAN_POINT ( 'NONE',  ( -10.64507044111189416, 162.9432933403416257, -179.9146000004660380 ) ) ;
#2693 = DIRECTION ( 'NONE',  ( -0.004944046975061859063, 0.01088478573707842012, 0.9999285363659576875 ) ) ;
#2694 = ORIENTED_EDGE ( 'NONE', *, *, #2449, .F. ) ;
#2695 = LINE ( 'NONE', #532, #3044 ) ;
#2696 = CARTESIAN_POINT ( 'NONE',  ( 21.14879742104342597, 229.2808036642319678, -167.3050399010147657 ) ) ;
#2697 = CARTESIAN_POINT ( 'NONE',  ( 22.70258340395131214, 192.9299815915122167, -149.3426958743477826 ) ) ;
#2698 = VERTEX_POINT ( 'NONE', #2309 ) ;
#2699 = DIRECTION ( 'NONE',  ( 0.004944046975062000443, -0.01088478573707908105, -0.9999285363659576875 ) ) ;
#2700 =( NAMED_UNIT ( * ) PLANE_ANGLE_UNIT ( ) SI_UNIT ( $, .RADIAN. ) );
#2701 = ORIENTED_EDGE ( 'NONE', *, *, #850, .F. ) ;
#2702 = CARTESIAN_POINT ( 'NONE',  ( 27.47854374621630313, 151.4769473779225279, -155.0188530436823555 ) ) ;
#2703 = ORIENTED_EDGE ( 'NONE', *, *, #2970, .T. ) ;
#2704 = DIRECTION ( 'NONE',  ( 0.004944046975065847192, -0.01088478573706798749, -0.9999285363659576875 ) ) ;
#2705 = EDGE_CURVE ( 'NONE', #2507, #227, #999, .T. ) ;
#2706 = ADVANCED_FACE ( 'NONE', ( #3011 ), #1853, .F. ) ;
#2707 = DIRECTION ( 'NONE',  ( -0.004944046975061859063, 0.01088478573707840624, 0.9999285363659575765 ) ) ;
#2708 = ORIENTED_EDGE ( 'NONE', *, *, #814, .T. ) ;
#2709 = CARTESIAN_POINT ( 'NONE',  ( -19.78986055221012563, 160.4090180418261014, -150.6221380844833675 ) ) ;
#2710 = CARTESIAN_POINT ( 'NONE',  ( 22.70258340395131214, 192.9299815915122167, -149.3426958743477826 ) ) ;
#2711 = CARTESIAN_POINT ( 'NONE',  ( 0.2420313156292075718, 132.7219642757570739, -156.7221677524425445 ) ) ;
#2712 = ORIENTED_EDGE ( 'NONE', *, *, #2375, .T. ) ;
#2713 = DIRECTION ( 'NONE',  ( 0.004944046975061859930, -0.01088478573707893707, -0.9999285363659576875 ) ) ;
#2714 = AXIS2_PLACEMENT_3D ( 'NONE', #2589, #417, #3098 ) ;
#2715 = ORIENTED_EDGE ( 'NONE', *, *, #828, .T. ) ;
#2716 = CARTESIAN_POINT ( 'NONE',  ( 19.54429620702384440, 161.6823097724944205, -151.9379386216928651 ) ) ;
#2717 = FACE_OUTER_BOUND ( 'NONE', #1550, .T. ) ;
#2718 = EDGE_LOOP ( 'NONE', ( #1442, #2786, #1758, #3143, #2845, #1100, #2389, #1274, #2888, #960, #2853, #2516, #989, #918, #1466, #780, #1767, #531, #1672, #2858 ) ) ;
#2719 = CARTESIAN_POINT ( 'NONE',  ( -25.92293891556890983, 151.1468671589801147, -156.7617693632111013 ) ) ;
#2720 = CARTESIAN_POINT ( 'NONE',  ( 0.3755205839557647085, 132.4280750608562016, -183.7202382343005240 ) ) ;
#2721 = CIRCLE ( 'NONE', #1337, 34.10000000000002984 ) ;
#2722 = EDGE_CURVE ( 'NONE', #1729, #1457, #150, .T. ) ;
#2723 = CARTESIAN_POINT ( 'NONE',  ( -19.41504385785127340, 161.1099249687658812, -151.7857633126627093 ) ) ;
#2724 = VECTOR ( 'NONE', #1016, 1000.000000000000114 ) ;
#2725 = ADVANCED_FACE ( 'NONE', ( #2567 ), #1296, .T. ) ;
#2726 = DIRECTION ( 'NONE',  ( -0.9999877781250670061, -5.381554972537288747E-05, -0.004943754077442168854 ) ) ;
#2727 = VECTOR ( 'NONE', #1242, 1000.000000000000114 ) ;
#2728 = CARTESIAN_POINT ( 'NONE',  ( -30.73933517503501633, 150.4245528533107858, -184.1417722552915563 ) ) ;
#2729 = ORIENTED_EDGE ( 'NONE', *, *, #1666, .F. ) ;
#2730 = PLANE ( 'NONE',  #299 ) ;
#2731 = AXIS2_PLACEMENT_3D ( 'NONE', #2064, #1629, #624 ) ;
#2732 = CARTESIAN_POINT ( 'NONE',  ( 27.35666594620550995, 151.4284014765921711, -183.7936619132813689 ) ) ;
#2733 = VECTOR ( 'NONE', #2812, 1000.000000000000227 ) ;
#2734 = ORIENTED_EDGE ( 'NONE', *, *, #1587, .F. ) ;
#2735 = CARTESIAN_POINT ( 'NONE',  ( 18.39689111696022294, 163.7552068748754266, -152.4665168866324336 ) ) ;
#2736 = CARTESIAN_POINT ( 'NONE',  ( -11.93421699588108709, 166.1861852042895293, -185.1486500304437754 ) ) ;
#2737 = VECTOR ( 'NONE', #831, 1000.000000000000227 ) ;
#2738 = EDGE_LOOP ( 'NONE', ( #2983, #3091, #2816, #2749 ) ) ;
#2739 = DIRECTION ( 'NONE',  ( 0.000000000000000000, -0.9359127059959954087, 0.3522320353903850010 ) ) ;
#2740 = CARTESIAN_POINT ( 'NONE',  ( 22.73186822949302410, 160.7777269683754469, -154.9162288489215484 ) ) ;
#2741 = CARTESIAN_POINT ( 'NONE',  ( -19.49360128045746876, 160.9621759214514896, -151.6658837258298433 ) ) ;
#2742 = FACE_OUTER_BOUND ( 'NONE', #2299, .T. ) ;
#2743 = CARTESIAN_POINT ( 'NONE',  ( 30.74701236129826398, 151.7442504345791292, -154.7782642838414517 ) ) ;
#2744 = EDGE_LOOP ( 'NONE', ( #2194, #1229, #2629, #784 ) ) ;
#2745 = CARTESIAN_POINT ( 'NONE',  ( 9.405074868932002730, 170.3609994720210636, -190.0889425791047245 ) ) ;
#2746 = EDGE_CURVE ( 'NONE', #2445, #1422, #1808, .T. ) ;
#2747 = ADVANCED_FACE ( 'NONE', ( #1361 ), #2838, .F. ) ;
#2748 = CARTESIAN_POINT ( 'NONE',  ( 22.72116694178845009, 201.7677430063055510, -156.9426562949512913 ) ) ;
#2749 = ORIENTED_EDGE ( 'NONE', *, *, #591, .F. ) ;
#2750 = CARTESIAN_POINT ( 'NONE',  ( 19.50598765408654955, 161.7540213105210114, -151.9725807873460610 ) ) ;
#2751 = DIRECTION ( 'NONE',  ( 1.994389897115271521E-16, 0.9999407575168364204, -0.01088491877119481324 ) ) ;
#2752 = DIRECTION ( 'NONE',  ( 0.004944046975061859063, -0.01088478573707893533, -0.9999285363659575765 ) ) ;
#2753 = ORIENTED_EDGE ( 'NONE', *, *, #868, .F. ) ;
#2754 = CARTESIAN_POINT ( 'NONE',  ( -27.09168390743607802, 150.7368016795497567, -155.4570999661138444 ) ) ;
#2755 = DIRECTION ( 'NONE',  ( -0.004944046975062000443, 0.01088478573707908105, 0.9999285363659576875 ) ) ;
#2756 = ORIENTED_EDGE ( 'NONE', *, *, #630, .T. ) ;
#2757 =( BOUNDED_CURVE ( )  B_SPLINE_CURVE ( 3, ( #1301, #1765, #2249, #303 ),
 .UNSPECIFIED., .F., .T. ) 
 B_SPLINE_CURVE_WITH_KNOTS ( ( 4, 4 ),
 ( 0.000000000000000000, 0.4734476546705814193 ),
 .UNSPECIFIED. ) 
 CURVE ( )  GEOMETRIC_REPRESENTATION_ITEM ( )  RATIONAL_B_SPLINE_CURVE ( ( 1.000000000000000000, 0.9949166343901267862, 0.9949166343901267862, 1.000000000000000000 ) ) 
 REPRESENTATION_ITEM ( '' )  );
#2758 = DIRECTION ( 'NONE',  ( 0.004645884459284524773, -0.3522282340390578415, -0.9359026054581308651 ) ) ;
#2759 = CARTESIAN_POINT ( 'NONE',  ( 30.93176801011840737, 151.7442603774274801, -154.7773508861858431 ) ) ;
#2760 = FACE_OUTER_BOUND ( 'NONE', #253, .T. ) ;
#2761 = ORIENTED_EDGE ( 'NONE', *, *, #66, .F. ) ;
#2762 = DIRECTION ( 'NONE',  ( 0.9999877781250670061, 5.381554972483573306E-05, 0.004943754077442175793 ) ) ;
#2763 = DIRECTION ( 'NONE',  ( -0.000000000000000000, 0.9999407575168361983, -0.01088491877119377761 ) ) ;
#2764 = EDGE_CURVE ( 'NONE', #1191, #1191, #2991, .T. ) ;
#2765 = ORIENTED_EDGE ( 'NONE', *, *, #2590, .F. ) ;
#2766 = CARTESIAN_POINT ( 'NONE',  ( 18.65824767920965499, 163.2946367014007762, -152.4150499871558111 ) ) ;
#2767 = CARTESIAN_POINT ( 'NONE',  ( 9.355634399181383287, 170.4698473293918539, -180.0896572154451576 ) ) ;
#2768 = CARTESIAN_POINT ( 'NONE',  ( 0.2420313156291974133, 164.7200685162958393, -157.0704851531207851 ) ) ;
#2769 = ORIENTED_EDGE ( 'NONE', *, *, #366, .F. ) ;
#2770 = CARTESIAN_POINT ( 'NONE',  ( -25.92150358109782005, 151.1437071799057605, -157.0520617978482107 ) ) ;
#2771 = CYLINDRICAL_SURFACE ( 'NONE', #635, 34.10000000000000853 ) ;
#2772 = ORIENTED_EDGE ( 'NONE', *, *, #772, .T. ) ;
#2773 = CARTESIAN_POINT ( 'NONE',  ( -9.728842395505875373, 218.9682907626315114, -163.5771901861774893 ) ) ;
#2774 = CARTESIAN_POINT ( 'NONE',  ( 31.04381524960162864, 151.1776973490384250, -184.7512945657503849 ) ) ;
#2775 = VECTOR ( 'NONE', #2930, 1000.000000000000114 ) ;
#2776 = VERTEX_POINT ( 'NONE', #1092 ) ;
#2777 = CARTESIAN_POINT ( 'NONE',  ( 27.26176527529996818, 150.7255093675675823, -156.4944658149422594 ) ) ;
#2778 = AXIS2_PLACEMENT_3D ( 'NONE', #1548, #608, #389 ) ;
#2779 = ORIENTED_EDGE ( 'NONE', *, *, #2916, .T. ) ;
#2780 = CARTESIAN_POINT ( 'NONE',  ( 18.53741250630136506, 163.5080659640594263, -152.4410870143892680 ) ) ;
#2781 = CIRCLE ( 'NONE', #88, 33.00000000000001421 ) ;
#2782 = CARTESIAN_POINT ( 'NONE',  ( -30.88306743476458749, 151.7409337374190557, -155.0829519659810671 ) ) ;
#2783 = ADVANCED_FACE ( 'NONE', ( #1111 ), #3062, .F. ) ;
#2784 = CARTESIAN_POINT ( 'NONE',  ( -10.64412116332021974, 170.4687710183973479, -180.1885322969939978 ) ) ;
#2785 = CIRCLE ( 'NONE', #2985, 0.9999999999999953371 ) ;
#2786 = ORIENTED_EDGE ( 'NONE', *, *, #2122, .T. ) ;
#2787 = FACE_OUTER_BOUND ( 'NONE', #157, .T. ) ;
#2788 = LINE ( 'NONE', #2305, #1597 ) ;
#2789 = ADVANCED_FACE ( 'NONE', ( #118 ), #872, .F. ) ;
#2790 = CIRCLE ( 'NONE', #2537, 31.99999999999998934 ) ;
#2791 = EDGE_CURVE ( 'NONE', #2434, #2358, #1060, .T. ) ;
#2792 = VECTOR ( 'NONE', #1375, 1000.000000000000227 ) ;
#2793 = ORIENTED_EDGE ( 'NONE', *, *, #529, .T. ) ;
#2794 = B_SPLINE_CURVE_WITH_KNOTS ( 'NONE', 3,
 ( #2601, #1588, #2855, #1606, #2050, #381, #1112, #2377, #615, #1124 ),
 .UNSPECIFIED., .F., .F.,
 ( 4, 2, 2, 2, 4 ),
 ( 6.800538419165193184E-05, 0.0007725234068893316926, 0.001477041429587011481, 0.002181559452284691052, 0.002886077474982371056 ),
 .UNSPECIFIED. ) ;
#2795 = DIRECTION ( 'NONE',  ( -0.004944046975061860798, 0.01088478573707841839, 0.9999285363659577985 ) ) ;
#2796 = FACE_BOUND ( 'NONE', #2503, .T. ) ;
#2797 = ORIENTED_EDGE ( 'NONE', *, *, #1314, .F. ) ;
#2798 = DIRECTION ( 'NONE',  ( 0.9999877781250671172, 5.381554972533323956E-05, 0.004943754077442170589 ) ) ;
#2799 = CARTESIAN_POINT ( 'NONE',  ( -19.79315643524942558, 194.9981133396102564, -150.3319918601669372 ) ) ;
#2800 = ORIENTED_EDGE ( 'NONE', *, *, #2453, .T. ) ;
#2801 = DIRECTION ( 'NONE',  ( 0.004645884459284571610, -0.3522282340390545663, -0.9359026054581320864 ) ) ;
#2802 = DIRECTION ( 'NONE',  ( 0.000000000000000000, 0.9999407575168364204, -0.01088491877118685260 ) ) ;
#2803 = CARTESIAN_POINT ( 'NONE',  ( 11.35560995543146312, 162.5203843433302211, -179.9932341502753275 ) ) ;
#2804 = ORIENTED_EDGE ( 'NONE', *, *, #552, .F. ) ;
#2805 = DIRECTION ( 'NONE',  ( 0.004944046975061859063, -0.01088478573707840624, -0.9999285363659575765 ) ) ;
#2806 = CARTESIAN_POINT ( 'NONE',  ( 26.24078061060989597, 145.9005068349722762, -140.3911474328231463 ) ) ;
#2807 = EDGE_CURVE ( 'NONE', #858, #1628, #368, .T. ) ;
#2808 = ADVANCED_FACE ( 'NONE', ( #823 ), #644, .F. ) ;
#2809 = EDGE_LOOP ( 'NONE', ( #1613, #1309, #3128, #1434, #3031, #1241, #1320 ) ) ;
#2810 = CARTESIAN_POINT ( 'NONE',  ( 22.71703608856786261, 171.6929379416917811, -152.0349060026412076 ) ) ;
#2811 = CARTESIAN_POINT ( 'NONE',  ( 11.14890534283782841, 229.2644393708391135, -167.3485213239751488 ) ) ;
#2812 = DIRECTION ( 'NONE',  ( -0.004944046975061872941, 0.01088478573707840798, 0.9999285363659575765 ) ) ;
#2813 = VERTEX_POINT ( 'NONE', #2345 ) ;
#2814 = CARTESIAN_POINT ( 'NONE',  ( 26.48247089009937838, 145.3684028884993893, -189.2727637772505886 ) ) ;
#2815 = DIRECTION ( 'NONE',  ( 0.004645884459284524773, -0.3522282340390545108, -0.9359026054581320864 ) ) ;
#2816 = ORIENTED_EDGE ( 'NONE', *, *, #611, .F. ) ;
#2817 = FACE_OUTER_BOUND ( 'NONE', #404, .T. ) ;
#2818 = FACE_OUTER_BOUND ( 'NONE', #161, .T. ) ;
#2819 = EDGE_LOOP ( 'NONE', ( #866 ) ) ;
#2820 = FACE_OUTER_BOUND ( 'NONE', #147, .T. ) ;
#2821 = VECTOR ( 'NONE', #1562, 1000.000000000000114 ) ;
#2822 = DIRECTION ( 'NONE',  ( 0.9999877781250670061, 5.381554972537440536E-05, 0.004943754077442310234 ) ) ;
#2823 = EDGE_CURVE ( 'NONE', #569, #114, #2330, .T. ) ;
#2824 = CARTESIAN_POINT ( 'NONE',  ( 24.79333645585658985, 161.5858352784742067, -167.3534413773977292 ) ) ;
#2825 = DIRECTION ( 'NONE',  ( 0.004944046975061859930, -0.01088478573707893707, -0.9999285363659576875 ) ) ;
#2826 = AXIS2_PLACEMENT_3D ( 'NONE', #2088, #2100, #1574 ) ;
#2827 = CIRCLE ( 'NONE', #1327, 1.999999999999990896 ) ;
#2828 = ADVANCED_FACE ( 'NONE', ( #3047 ), #2293, .T. ) ;
#2829 = DIRECTION ( 'NONE',  ( 0.004943754084601017888, 0.000000000000000000, -0.9999877795731061392 ) ) ;
#2830 = ORIENTED_EDGE ( 'NONE', *, *, #1914, .T. ) ;
#2831 = CARTESIAN_POINT ( 'NONE',  ( 9.281574763665236816, 167.7134890593136447, -152.5580534921474793 ) ) ;
#2832 =( GEOMETRIC_REPRESENTATION_CONTEXT ( 3 ) GLOBAL_UNCERTAINTY_ASSIGNED_CONTEXT ( ( #1010 ) ) GLOBAL_UNIT_ASSIGNED_CONTEXT ( ( #920, #2135, #745 ) ) REPRESENTATION_CONTEXT ( 'NONE', 'WORKASPACE' ) );
#2833 = ORIENTED_EDGE ( 'NONE', *, *, #1174, .T. ) ;
#2834 = CARTESIAN_POINT ( 'NONE',  ( 30.85793039108171953, 147.3635165604568726, -189.7325305091677876 ) ) ;
#2835 = VECTOR ( 'NONE', #2846, 1000.000000000000227 ) ;
#2836 = DIRECTION ( 'NONE',  ( 0.000000000000000000, 0.01088491877119481498, 0.9999407575168363094 ) ) ;
#2837 = AXIS2_PLACEMENT_3D ( 'NONE', #2283, #522, #1033 ) ;
#2838 = PLANE ( 'NONE',  #1200 ) ;
#2839 = AXIS2_PLACEMENT_3D ( 'NONE', #1014, #2195, #980 ) ;
#2840 = FACE_OUTER_BOUND ( 'NONE', #1427, .T. ) ;
#2841 = CARTESIAN_POINT ( 'NONE',  ( 27.22244831278308652, 150.7239534984339855, -156.6373954033702773 ) ) ;
#2842 = CARTESIAN_POINT ( 'NONE',  ( -8.594705137319465393, 172.3599123071597035, -190.1996999900410401 ) ) ;
#2843 = EDGE_CURVE ( 'NONE', #284, #1924, #949, .T. ) ;
#2844 = EDGE_CURVE ( 'NONE', #2041, #3069, #1757, .T. ) ;
#2845 = ORIENTED_EDGE ( 'NONE', *, *, #1329, .F. ) ;
#2846 = DIRECTION ( 'NONE',  ( 0.004944046975061872941, -0.01088478573707840798, -0.9999285363659575765 ) ) ;
#2847 = DIRECTION ( 'NONE',  ( -0.004944046975061833910, 0.01088478573707494200, 0.9999285363659576875 ) ) ;
#2848 = VERTEX_POINT ( 'NONE', #1154 ) ;
#2849 = CARTESIAN_POINT ( 'NONE',  ( -25.75409807742230939, 145.8853228574153889, -142.5870813813455698 ) ) ;
#2850 = DIRECTION ( 'NONE',  ( 0.004944046975061859930, -0.01088478573707893360, -0.9999285363659575765 ) ) ;
#2851 = VERTEX_POINT ( 'NONE', #1650 ) ;
#2852 = CARTESIAN_POINT ( 'NONE',  ( 27.22317667787895701, 150.7223499339762327, -156.7847065126522068 ) ) ;
#2853 = ORIENTED_EDGE ( 'NONE', *, *, #8, .F. ) ;
#2854 = CARTESIAN_POINT ( 'NONE',  ( -9.535536643293491821, 167.3845083750424010, -152.6475116836259645 ) ) ;
#2855 = CARTESIAN_POINT ( 'NONE',  ( 6.693714751377108918, 164.7567104249746421, -155.5464411598718470 ) ) ;
#2856 = CARTESIAN_POINT ( 'NONE',  ( -17.86960729650778035, 163.9054053111210010, -152.6495086721305938 ) ) ;
#2857 = DIRECTION ( 'NONE',  ( 0.000000000000000000, -0.9999407575168361983, 0.01088491877119450273 ) ) ;
#2858 = ORIENTED_EDGE ( 'NONE', *, *, #1349, .T. ) ;
#2859 = CARTESIAN_POINT ( 'NONE',  ( -21.59676602409631840, 215.2284955266498798, -132.3223507621495969 ) ) ;
#2860 = CARTESIAN_POINT ( 'NONE',  ( 8.769648350633453049, 165.7993836586138343, -150.5396056075954903 ) ) ;
#2861 = EDGE_CURVE ( 'NONE', #637, #2903, #427, .T. ) ;
#2862 = B_SPLINE_CURVE_WITH_KNOTS ( 'NONE', 3,
 ( #977, #2405, #1899, #1943, #1709, #2692, #2204, #993, #1467, #1961 ),
 .UNSPECIFIED., .F., .F.,
 ( 4, 2, 2, 2, 4 ),
 ( 0.000000000000000000, 0.0004028468721293591804, 0.0008056937442587183609, 0.001208540616388077433, 0.001611387488517436722 ),
 .UNSPECIFIED. ) ;
#2863 = ORIENTED_EDGE ( 'NONE', *, *, #2764, .T. ) ;
#2864 = LINE ( 'NONE', #423, #2165 ) ;
#2865 = EDGE_LOOP ( 'NONE', ( #2769 ) ) ;
#2866 = CARTESIAN_POINT ( 'NONE',  ( 0.3527169653536327831, -26.74127497377708096, -71.05401129897876444 ) ) ;
#2867 = ORIENTED_EDGE ( 'NONE', *, *, #2685, .T. ) ;
#2868 = CARTESIAN_POINT ( 'NONE',  ( 9.189940844016398103, 166.0956432973632104, -151.7743497735538369 ) ) ;
#2869 = FACE_OUTER_BOUND ( 'NONE', #471, .T. ) ;
#2870 = LINE ( 'NONE', #1905, #609 ) ;
#2871 = DIRECTION ( 'NONE',  ( -0.9999877781250671172, -5.381554972448722982E-05, -0.004943754077442805497 ) ) ;
#2872 = AXIS2_PLACEMENT_3D ( 'NONE', #1523, #2947, #2505 ) ;
#2873 = ORIENTED_EDGE ( 'NONE', *, *, #1081, .T. ) ;
#2874 = CARTESIAN_POINT ( 'NONE',  ( -25.36213383299576307, 145.4031055678887299, -189.2623661038221030 ) ) ;
#2875 = EDGE_LOOP ( 'NONE', ( #1217, #2911, #51, #2409 ) ) ;
#2876 = CARTESIAN_POINT ( 'NONE',  ( 26.88841301643148896, 150.7310636537693256, -155.9842224894133267 ) ) ;
#2877 = AXIS2_PLACEMENT_3D ( 'NONE', #3141, #979, #2193 ) ;
#2878 = EDGE_CURVE ( 'NONE', #2398, #2940, #1590, .T. ) ;
#2879 = AXIS2_PLACEMENT_3D ( 'NONE', #27, #750, #1475 ) ;
#2880 = ORIENTED_EDGE ( 'NONE', *, *, #926, .T. ) ;
#2881 = CARTESIAN_POINT ( 'NONE',  ( 0.1678706110031574494, 132.8852360618129751, -141.7232397069532794 ) ) ;
#2882 = EDGE_CURVE ( 'NONE', #1131, #3116, #748, .T. ) ;
#2883 = EDGE_CURVE ( 'NONE', #616, #1832, #200, .T. ) ;
#2884 = CARTESIAN_POINT ( 'NONE',  ( 26.59006125797982278, 145.8842183207801781, -141.8874883392121262 ) ) ;
#2885 = CARTESIAN_POINT ( 'NONE',  ( 8.905852282892286809, 165.8280189824301374, -151.0698545796411167 ) ) ;
#2886 = CIRCLE ( 'NONE', #142, 1.700000000000013278 ) ;
#2887 = AXIS2_PLACEMENT_3D ( 'NONE', #1526, #2265, #2233 ) ;
#2888 = ORIENTED_EDGE ( 'NONE', *, *, #723, .F. ) ;
#2889 = DIRECTION ( 'NONE',  ( -2.006394976986770684E-16, -0.9999407575168361983, 0.01088491877119424772 ) ) ;
#2890 = CARTESIAN_POINT ( 'NONE',  ( 19.39112166692919814, 194.1428175638196478, -152.7957659831060084 ) ) ;
#2891 = EDGE_LOOP ( 'NONE', ( #523, #521, #494, #3035 ) ) ;
#2892 = DIRECTION ( 'NONE',  ( 0.004645884459284525640, -0.3522282340390544553, -0.9359026054581321974 ) ) ;
#2893 = CARTESIAN_POINT ( 'NONE',  ( -9.728842395505875373, 220.5593423628247365, -164.1759846463411350 ) ) ;
#2894 = ORIENTED_EDGE ( 'NONE', *, *, #1610, .F. ) ;
#2895 = CARTESIAN_POINT ( 'NONE',  ( 27.26176529614422250, 150.7255093673932436, -156.4944658309611043 ) ) ;
#2896 = ORIENTED_EDGE ( 'NONE', *, *, #1043, .T. ) ;
#2897 = CARTESIAN_POINT ( 'NONE',  ( -26.78092918701764802, 150.7226027157612975, -156.7614847675064595 ) ) ;
#2898 = DIRECTION ( 'NONE',  ( 0.000000000000000000, 0.9999407575168363094, -0.01088491877119520876 ) ) ;
#2899 = CARTESIAN_POINT ( 'NONE',  ( 26.32715355423144388, 145.3785771824134940, -189.1391654879186319 ) ) ;
#2900 = ADVANCED_FACE ( 'NONE', ( #935 ), #198, .T. ) ;
#2901 = EDGE_CURVE ( 'NONE', #2171, #2171, #1302, .T. ) ;
#2902 = B_SPLINE_CURVE_WITH_KNOTS ( 'NONE', 3,
 ( #2982, #1490, #2444, #2476, #271, #795, #2934, #1714, #301, #555, #1524, #2743 ),
 .UNSPECIFIED., .F., .F.,
 ( 4, 2, 2, 2, 2, 4 ),
 ( 0.000000000000000000, 0.0002120866455269206834, 0.0004241732910538413667, 0.0008483465821075804932, 0.001272519873161319457, 0.001696693164215058421 ),
 .UNSPECIFIED. ) ;
#2903 = VERTEX_POINT ( 'NONE', #215 ) ;
#2904 = CARTESIAN_POINT ( 'NONE',  ( -10.85268465090227608, 162.6300019484605741, -184.7575574869231616 ) ) ;
#2905 = DIRECTION ( 'NONE',  ( 0.004944046975061859063, -0.01088478573707893880, -0.9999285363659575765 ) ) ;
#2906 = ORIENTED_EDGE ( 'NONE', *, *, #2878, .T. ) ;
#2907 = DIRECTION ( 'NONE',  ( -6.973733562826225904E-15, -0.9999407575168361983, 0.01088491877119377761 ) ) ;
#2908 =( NAMED_UNIT ( * ) PLANE_ANGLE_UNIT ( ) SI_UNIT ( $, .RADIAN. ) );
#2909 = ORIENTED_EDGE ( 'NONE', *, *, #530, .F. ) ;
#2910 = CARTESIAN_POINT ( 'NONE',  ( 20.20965057279257593, 160.4111706638150565, -150.4243879213856303 ) ) ;
#2911 = ORIENTED_EDGE ( 'NONE', *, *, #383, .F. ) ;
#2912 = FACE_OUTER_BOUND ( 'NONE', #2367, .T. ) ;
#2913 = CARTESIAN_POINT ( 'NONE',  ( 26.24970169736213066, 145.8808662210521163, -142.1954282707642960 ) ) ;
#2914 = ORIENTED_EDGE ( 'NONE', *, *, #1138, .T. ) ;
#2915 = CARTESIAN_POINT ( 'NONE',  ( -18.63094284378731658, 162.5565835793098870, -152.4533115358118209 ) ) ;
#2916 = EDGE_CURVE ( 'NONE', #1810, #1660, #240, .T. ) ;
#2917 = AXIS2_PLACEMENT_3D ( 'NONE', #3080, #2618, #632 ) ;
#2918 = CARTESIAN_POINT ( 'NONE',  ( -30.13440450868840159, 151.4144224734105535, -185.0778400798410530 ) ) ;
#2919 = VERTEX_POINT ( 'NONE', #2407 ) ;
#2920 = DIRECTION ( 'NONE',  ( 0.000000000000000000, -0.9999407575168363094, 0.01088491877120073038 ) ) ;
#2921 = TOROIDAL_SURFACE ( 'NONE', #2714, 33.00000000000000000, 1.000000000000000000 ) ;
#2922 = EDGE_CURVE ( 'NONE', #54, #2055, #1503, .T. ) ;
#2923 = DIRECTION ( 'NONE',  ( 1.000000000000000000, 0.000000000000000000, 0.000000000000000000 ) ) ;
#2924 = ORIENTED_EDGE ( 'NONE', *, *, #1702, .T. ) ;
#2925 = CARTESIAN_POINT ( 'NONE',  ( 27.96693881434844187, 150.7424203061295600, -154.9409460256671025 ) ) ;
#2926 = AXIS2_PLACEMENT_3D ( 'NONE', #1654, #41, #1713 ) ;
#2927 = EDGE_LOOP ( 'NONE', ( #2223, #2008, #1 ) ) ;
#2928 = CARTESIAN_POINT ( 'NONE',  ( 11.37848458078005009, 162.6935093856978938, -184.6220369261897929 ) ) ;
#2929 = CARTESIAN_POINT ( 'NONE',  ( -5.832056057746981992, 168.8827804391212055, -142.1447593071809479 ) ) ;
#2930 = DIRECTION ( 'NONE',  ( 0.000000000000000000, -0.9359127059959955197, 0.3522320353903846679 ) ) ;
#2931 = LINE ( 'NONE', #55, #458 ) ;
#2932 = B_SPLINE_CURVE_WITH_KNOTS ( 'NONE', 3,
 ( #464, #2446, #2153, #2874, #208, #1159 ),
 .UNSPECIFIED., .F., .F.,
 ( 4, 2, 4 ),
 ( 0.000000000000000000, 0.0006130397995681537756, 0.001226079599136307551 ),
 .UNSPECIFIED. ) ;
#2933 = AXIS2_PLACEMENT_3D ( 'NONE', #1190, #29, #491 ) ;
#2934 = CARTESIAN_POINT ( 'NONE',  ( 31.21746253351646416, 150.9664777956909631, -155.1210239069121712 ) ) ;
#2935 = ORIENTED_EDGE ( 'NONE', *, *, #1075, .T. ) ;
#2936 = FACE_OUTER_BOUND ( 'NONE', #1171, .T. ) ;
#2937 = FILL_AREA_STYLE_COLOUR ( '', #1455 ) ;
#2938 = EDGE_CURVE ( 'NONE', #1921, #1529, #1019, .T. ) ;
#2939 = ADVANCED_FACE ( 'NONE', ( #1271 ), #97, .F. ) ;
#2940 = VERTEX_POINT ( 'NONE', #1055 ) ;
#2941 = CARTESIAN_POINT ( 'NONE',  ( 27.93612772222153851, 150.7323344922480430, -155.8674771817159694 ) ) ;
#2942 = ORIENTED_EDGE ( 'NONE', *, *, #436, .F. ) ;
#2943 = CARTESIAN_POINT ( 'NONE',  ( -27.25926327990393361, 150.7284213410734424, -156.2269579855771724 ) ) ;
#2944 = CARTESIAN_POINT ( 'NONE',  ( 11.40505042518211987, 168.0118791152480924, -190.0534824001383072 ) ) ;
#2945 = VERTEX_POINT ( 'NONE', #2029 ) ;
#2946 = CARTESIAN_POINT ( 'NONE',  ( -19.63000577256646295, 160.7044637676521859, -151.3999966515519020 ) ) ;
#2947 = DIRECTION ( 'NONE',  ( 0.9999877781250671172, 5.381554971754143091E-05, 0.004943754077442254723 ) ) ;
#2948 = LINE ( 'NONE', #1047, #290 ) ;
#2949 = EDGE_LOOP ( 'NONE', ( #463, #431, #2175, #2660 ) ) ;
#2950 = DIRECTION ( 'NONE',  ( 0.000000000000000000, -0.9359127059959950756, 0.3522320353903860557 ) ) ;
#2951 = ORIENTED_EDGE ( 'NONE', *, *, #1080, .T. ) ;
#2952 = CARTESIAN_POINT ( 'NONE',  ( 20.12535868636485503, 160.5750430418962083, -151.0107085858074640 ) ) ;
#2953 = CARTESIAN_POINT ( 'NONE',  ( 28.03381591547669416, 150.4284971607185639, -183.7794292906733631 ) ) ;
#2954 = EDGE_CURVE ( 'NONE', #2940, #1578, #266, .T. ) ;
#2955 = VERTEX_POINT ( 'NONE', #3006 ) ;
#2956 = CARTESIAN_POINT ( 'NONE',  ( -17.78988499595997652, 192.9792009289104726, -152.9669126958925176 ) ) ;
#2957 = DIRECTION ( 'NONE',  ( -0.9999877781250672282, -5.381554972414444576E-05, -0.004943754077442182732 ) ) ;
#2958 = EDGE_CURVE ( 'NONE', #1300, #587, #803, .T. ) ;
#2959 = ORIENTED_EDGE ( 'NONE', *, *, #1251, .T. ) ;
#2960 = LINE ( 'NONE', #316, #657 ) ;
#2961 = DIRECTION ( 'NONE',  ( 0.9999877781250670061, 5.381554972452629498E-05, 0.004943754077442179262 ) ) ;
#2962 = LINE ( 'NONE', #73, #2320 ) ;
#2963 = ORIENTED_EDGE ( 'NONE', *, *, #493, .F. ) ;
#2964 = DIRECTION ( 'NONE',  ( 0.004944046975061858196, -0.01088478573707893360, -0.9999285363659576875 ) ) ;
#2965 = VECTOR ( 'NONE', #835, 999.9999999999998863 ) ;
#2966 = CARTESIAN_POINT ( 'NONE',  ( 28.16639902354466685, 151.6724082054683436, -154.7902418260957518 ) ) ;
#2967 = VERTEX_POINT ( 'NONE', #769 ) ;
#2968 = CARTESIAN_POINT ( 'NONE',  ( 19.99677363533207952, 160.8237918742262877, -151.3383526400588437 ) ) ;
#2969 = CARTESIAN_POINT ( 'NONE',  ( -9.578092382732156906, 167.5132776124118266, -152.6491238219683453 ) ) ;
#2970 = EDGE_CURVE ( 'NONE', #1720, #974, #1258, .T. ) ;
#2971 = ORIENTED_EDGE ( 'NONE', *, *, #2155, .F. ) ;
#2972 = CARTESIAN_POINT ( 'NONE',  ( 21.91639864357880185, 206.8129004211716619, -154.5714541636180570 ) ) ;
#2973 = VECTOR ( 'NONE', #2961, 1000.000000000000227 ) ;
#2974 = PLANE ( 'NONE',  #394 ) ;
#2975 = AXIS2_PLACEMENT_3D ( 'NONE', #330, #2957, #83 ) ;
#2976 = EDGE_CURVE ( 'NONE', #2149, #758, #2553, .T. ) ;
#2977 = ADVANCED_FACE ( 'NONE', ( #2717 ), #1497, .T. ) ;
#2978 = EDGE_LOOP ( 'NONE', ( #268, #2187, #434, #2238 ) ) ;
#2979 = CARTESIAN_POINT ( 'NONE',  ( -19.48392460917683877, 160.9804184106079674, -151.6816875051526949 ) ) ;
#2980 = AXIS2_PLACEMENT_3D ( 'NONE', #2163, #1668, #1931 ) ;
#2981 = DIRECTION ( 'NONE',  ( 0.000000000000000000, -0.9999407575168364204, 0.01088491877118685260 ) ) ;
#2982 = CARTESIAN_POINT ( 'NONE',  ( 31.35229792509779045, 150.7334571994288410, -155.7643399243403337 ) ) ;
#2983 = ORIENTED_EDGE ( 'NONE', *, *, #1384, .F. ) ;
#2984 = CARTESIAN_POINT ( 'NONE',  ( -5.780143564508832377, 168.7684901888818843, -152.6440089390234505 ) ) ;
#2985 = AXIS2_PLACEMENT_3D ( 'NONE', #1595, #2318, #1367 ) ;
#2986 = CARTESIAN_POINT ( 'NONE',  ( 22.72396875294716168, 195.6808488893479705, -155.2962080626650163 ) ) ;
#2987 = VECTOR ( 'NONE', #2621, 1000.000000000000114 ) ;
#2988 = EDGE_LOOP ( 'NONE', ( #1252, #1655, #2500, #3088 ) ) ;
#2989 = CARTESIAN_POINT ( 'NONE',  ( 19.11104076418830289, 162.4812052117476640, -152.2428483046545296 ) ) ;
#2990 = DIRECTION ( 'NONE',  ( 0.9999892078205598889, 0.001636429339282344632, 0.004348142296033722862 ) ) ;
#2991 = CIRCLE ( 'NONE', #1611, 1.700000000000013278 ) ;
#2992 = ORIENTED_EDGE ( 'NONE', *, *, #757, .T. ) ;
#2993 = CARTESIAN_POINT ( 'NONE',  ( -26.49484786379625234, 151.3230547007797497, -155.6645381862398096 ) ) ;
#2994 = VECTOR ( 'NONE', #2269, 1000.000000000000114 ) ;
#2995 = DIRECTION ( 'NONE',  ( -0.004944046975061859063, 0.01088478573707842359, 0.9999285363659575765 ) ) ;
#2996 = VERTEX_POINT ( 'NONE', #3020 ) ;
#2997 = CARTESIAN_POINT ( 'NONE',  ( -19.49468743570725948, 160.9601278606159553, -151.6641004395289940 ) ) ;
#2998 = ADVANCED_FACE ( 'NONE', ( #64 ), #786, .F. ) ;
#2999 = CARTESIAN_POINT ( 'NONE',  ( 31.36103774222176455, 150.6497479960387409, -184.4143323149521905 ) ) ;
#3000 = DIRECTION ( 'NONE',  ( 0.9999877781250672282, 5.381554972452630176E-05, 0.004943754077442180130 ) ) ;
#3001 = ORIENTED_EDGE ( 'NONE', *, *, #2555, .T. ) ;
#3002 = DIRECTION ( 'NONE',  ( -0.004944046975061859930, 0.01088478573707842012, 0.9999285363659576875 ) ) ;
#3003 = DIRECTION ( 'NONE',  ( 0.004943754084601157534, 0.000000000000000000, -0.9999877795731060282 ) ) ;
#3004 = ORIENTED_EDGE ( 'NONE', *, *, #1511, .T. ) ;
#3005 = CARTESIAN_POINT ( 'NONE',  ( 19.93500886487887414, 160.9425441347047183, -151.4516884969438877 ) ) ;
#3006 = CARTESIAN_POINT ( 'NONE',  ( 11.38033019030680926, 168.0663030439335444, -185.0538397183085237 ) ) ;
#3007 = DIRECTION ( 'NONE',  ( 0.9999877781250670061, 5.381554972452543440E-05, 0.004943754077442309366 ) ) ;
#3008 = ORIENTED_EDGE ( 'NONE', *, *, #66, .T. ) ;
#3009 = DIRECTION ( 'NONE',  ( -0.004944046975061859930, 0.01088478573707893707, 0.9999285363659576875 ) ) ;
#3010 = CARTESIAN_POINT ( 'NONE',  ( -30.28272591794035051, 151.7409660455226685, -155.0799839888851750 ) ) ;
#3011 = FACE_OUTER_BOUND ( 'NONE', #2198, .T. ) ;
#3012 = CARTESIAN_POINT ( 'NONE',  ( -5.683734648495124553, 172.5559998970762194, -172.1861550732445210 ) ) ;
#3013 = EDGE_CURVE ( 'NONE', #1212, #261, #1084, .T. ) ;
#3014 = ORIENTED_EDGE ( 'NONE', *, *, #304, .F. ) ;
#3015 = DIRECTION ( 'NONE',  ( 1.000000000000000000, 8.134684503660777721E-16, -8.855062601055056215E-18 ) ) ;
#3016 = CARTESIAN_POINT ( 'NONE',  ( 6.167797279753821194, 164.8836631956505130, -142.0418945831669362 ) ) ;
#3017 = EDGE_CURVE ( 'NONE', #377, #2445, #575, .T. ) ;
#3018 = ORIENTED_EDGE ( 'NONE', *, *, #2453, .F. ) ;
#3019 = CARTESIAN_POINT ( 'NONE',  ( 19.45900862851958735, 161.8415743495276899, -152.0118657486339657 ) ) ;
#3020 = CARTESIAN_POINT ( 'NONE',  ( -22.26758178613501826, 195.6784276147302535, -155.5186379426032204 ) ) ;
#3021 = FACE_OUTER_BOUND ( 'NONE', #2875, .T. ) ;
#3022 = ORIENTED_EDGE ( 'NONE', *, *, #736, .F. ) ;
#3023 = CARTESIAN_POINT ( 'NONE',  ( -26.40474753731464119, 151.2962079504758606, -155.7609993657548273 ) ) ;
#3024 = LINE ( 'NONE', #53, #2965 ) ;
#3025 = CIRCLE ( 'NONE', #2462, 4.000000000000008882 ) ;
#3026 = VECTOR ( 'NONE', #599, 1000.000000000000227 ) ;
#3027 = EDGE_LOOP ( 'NONE', ( #490, #225, #721, #1283 ) ) ;
#3028 = CARTESIAN_POINT ( 'NONE',  ( -23.02534357652212549, -0.001239136666739920059, -0.1138330274439630224 ) ) ;
#3029 = CARTESIAN_POINT ( 'NONE',  ( -27.95831248622817000, 150.7302653273143846, -156.0575605801030861 ) ) ;
#3030 = VECTOR ( 'NONE', #2263, 1000.000000000000227 ) ;
#3031 = ORIENTED_EDGE ( 'NONE', *, *, #3061, .T. ) ;
#3032 = CARTESIAN_POINT ( 'NONE',  ( 30.89533377055002461, 151.4177068624670142, -184.7761203747973298 ) ) ;
#3033 = VECTOR ( 'NONE', #278, 1000.000000000000114 ) ;
#3034 = LINE ( 'NONE', #2298, #2821 ) ;
#3035 = ORIENTED_EDGE ( 'NONE', *, *, #2449, .T. ) ;
#3036 = DIRECTION ( 'NONE',  ( 0.004645884459284571610, -0.3522282340390545663, -0.9359026054581320864 ) ) ;
#3037 = CARTESIAN_POINT ( 'NONE',  ( 17.21472998068432858, 163.5997613279381824, -152.4740485518591129 ) ) ;
#3038 = LINE ( 'NONE', #2803, #542 ) ;
#3039 = EDGE_CURVE ( 'NONE', #758, #227, #1531, .T. ) ;
#3040 = EDGE_CURVE ( 'NONE', #1024, #2468, #1989, .T. ) ;
#3041 = VERTEX_POINT ( 'NONE', #2736 ) ;
#3042 = CARTESIAN_POINT ( 'NONE',  ( 0.9011391526636610694, 151.4269777404737738, -183.9244531302517487 ) ) ;
#3043 = DIRECTION ( 'NONE',  ( 7.105339603994073442E-15, 0.9999407575168361983, -0.01088491877119452528 ) ) ;
#3044 = VECTOR ( 'NONE', #1504, 1000.000000000000114 ) ;
#3045 = VECTOR ( 'NONE', #1307, 1000.000000000000227 ) ;
#3046 = ORIENTED_EDGE ( 'NONE', *, *, #2021, .F. ) ;
#3047 = FACE_OUTER_BOUND ( 'NONE', #964, .T. ) ;
#3048 = PRESENTATION_LAYER_ASSIGNMENT (  '', '', ( #3096 ) ) ;
#3049 = CARTESIAN_POINT ( 'NONE',  ( -30.79592829046728752, 150.8819900684879087, -155.5344988638942993 ) ) ;
#3050 = DIRECTION ( 'NONE',  ( -0.9999877781250670061, -5.381554972414443220E-05, -0.004943754077442181864 ) ) ;
#3051 = DIRECTION ( 'NONE',  ( 0.004944046975061868604, -0.01088478573707161827, -0.9999285363659576875 ) ) ;
#3052 = ORIENTED_EDGE ( 'NONE', *, *, #2158, .F. ) ;
#3053 = CARTESIAN_POINT ( 'NONE',  ( 32.41475585324158715, 148.7697634617350388, -141.7367102314518661 ) ) ;
#3054 = DIRECTION ( 'NONE',  ( 0.000000000000000000, 0.9999407575168361983, -0.01088491877119495375 ) ) ;
#3055 = DIRECTION ( 'NONE',  ( 0.004944046975061859063, -0.01088478573707893880, -0.9999285363659575765 ) ) ;
#3056 = ORIENTED_EDGE ( 'NONE', *, *, #1733, .F. ) ;
#3057 = CARTESIAN_POINT ( 'NONE',  ( -25.07491047670921702, 146.3075093615827882, -142.9942306010327968 ) ) ;
#3058 = ADVANCED_FACE ( 'NONE', ( #341, #1289, #1129 ), #1117, .T. ) ;
#3059 = DIRECTION ( 'NONE',  ( 0.000000000000000000, 0.9999407575168363094, -0.01088491877119503355 ) ) ;
#3060 = VERTEX_POINT ( 'NONE', #1640 ) ;
#3061 = EDGE_CURVE ( 'NONE', #480, #395, #1626, .T. ) ;
#3062 = CYLINDRICAL_SURFACE ( 'NONE', #2277, 4.000000000000008882 ) ;
#3063 = B_SPLINE_CURVE_WITH_KNOTS ( 'NONE', 3,
 ( #3138, #2884, #954, #2913 ),
 .UNSPECIFIED., .F., .F.,
 ( 4, 4 ),
 ( 0.05139009509860726493, 0.05207858032421402994 ),
 .UNSPECIFIED. ) ;
#3064 = DIRECTION ( 'NONE',  ( 0.004944046975061859930, -0.01088478573707893360, -0.9999285363659576875 ) ) ;
#3065 = DIRECTION ( 'NONE',  ( 0.000000000000000000, 0.9999407575168364204, -0.01088491877119459640 ) ) ;
#3066 = CARTESIAN_POINT ( 'NONE',  ( -12.41291292726920226, 211.5404522018755529, -130.8887613054059784 ) ) ;
#3067 = ORIENTED_EDGE ( 'NONE', *, *, #1612, .T. ) ;
#3068 = CARTESIAN_POINT ( 'NONE',  ( -9.728842395505875373, 218.9682907626315114, -163.5771901861774893 ) ) ;
#3069 = VERTEX_POINT ( 'NONE', #878 ) ;
#3070 = CARTESIAN_POINT ( 'NONE',  ( -25.83215278990002872, 145.8773139992216841, -142.5217523768663455 ) ) ;
#3071 = CARTESIAN_POINT ( 'NONE',  ( -5.594741802944127151, 168.3603107237416054, -190.1413290527239326 ) ) ;
#3072 = VERTEX_POINT ( 'NONE', #2351 ) ;
#3073 = CARTESIAN_POINT ( 'NONE',  ( 27.35666594620550995, 151.4284014765921711, -183.7936619132813689 ) ) ;
#3074 = AXIS2_PLACEMENT_3D ( 'NONE', #827, #2495, #618 ) ;
#3075 = DIRECTION ( 'NONE',  ( 0.000000000000000000, 0.9359127059959989614, -0.3522320353903755086 ) ) ;
#3076 = ADVANCED_FACE ( 'NONE', ( #1397 ), #586, .F. ) ;
#3077 = EDGE_CURVE ( 'NONE', #1774, #1087, #2470, .T. ) ;
#3078 = DIRECTION ( 'NONE',  ( 0.9999877781250670061, 5.381554972533323278E-05, 0.004943754077442169721 ) ) ;
#3079 = FACE_OUTER_BOUND ( 'NONE', #2168, .T. ) ;
#3080 = CARTESIAN_POINT ( 'NONE',  ( -8.594705137319467170, 170.3600307921260253, -190.1779301524987034 ) ) ;
#3081 = EDGE_LOOP ( 'NONE', ( #1431, #751, #3123, #2992 ) ) ;
#3082 = DIRECTION ( 'NONE',  ( 0.000000000000000000, -0.9999407575168364204, 0.01088491877119068980 ) ) ;
#3083 = AXIS2_PLACEMENT_3D ( 'NONE', #2030, #2079, #2044 ) ;
#3084 = ORIENTED_EDGE ( 'NONE', *, *, #3040, .F. ) ;
#3085 = CARTESIAN_POINT ( 'NONE',  ( -20.78072704271784588, 239.1055451604674147, -141.3044603905821646 ) ) ;
#3086 = CARTESIAN_POINT ( 'NONE',  ( -10.62434497541997303, 172.4251133904826929, -184.2100162800001613 ) ) ;
#3087 = AXIS2_PLACEMENT_3D ( 'NONE', #1909, #1462, #727 ) ;
#3088 = ORIENTED_EDGE ( 'NONE', *, *, #2514, .T. ) ;
#3089 = CARTESIAN_POINT ( 'NONE',  ( 0.2197831042413066482, 132.7709458115736538, -152.2224893387957536 ) ) ;
#3090 = CIRCLE ( 'NONE', #2121, 1.000000000000003997 ) ;
#3091 = ORIENTED_EDGE ( 'NONE', *, *, #1080, .F. ) ;
#3092 = CARTESIAN_POINT ( 'NONE',  ( 8.843730492474648486, 165.7787863638655210, -150.6747768627516280 ) ) ;
#3093 = AXIS2_PLACEMENT_3D ( 'NONE', #349, #1072, #1825 ) ;
#3094 = FACE_OUTER_BOUND ( 'NONE', #2394, .T. ) ;
#3095 = CARTESIAN_POINT ( 'NONE',  ( -18.82046923822350593, 162.2121683906420060, -152.3464788335948015 ) ) ;
#3096 = STYLED_ITEM ( 'NONE', ( #1208 ), #655 ) ;
#3097 = EDGE_CURVE ( 'NONE', #1810, #3060, #956, .T. ) ;
#3098 = DIRECTION ( 'NONE',  ( -2.364858737308502775E-20, 0.9999407575168364204, -0.01088491877119495722 ) ) ;
#3099 = ORIENTED_EDGE ( 'NONE', *, *, #2535, .T. ) ;
#3100 = CARTESIAN_POINT ( 'NONE',  ( -30.73969007248790319, 150.4253341935271919, -184.0699946017998059 ) ) ;
#3101 = DIRECTION ( 'NONE',  ( 0.000000000000000000, 0.9999407575168363094, -0.01088491877120073038 ) ) ;
#3102 = ORIENTED_EDGE ( 'NONE', *, *, #2958, .T. ) ;
#3103 = LINE ( 'NONE', #3085, #2378 ) ;
#3104 = VERTEX_POINT ( 'NONE', #865 ) ;
#3105 = CARTESIAN_POINT ( 'NONE',  ( -5.683734648495124553, 164.5564738369415068, -172.0990757230749750 ) ) ;
#3106 = EDGE_LOOP ( 'NONE', ( #2292, #2894, #319, #1277 ) ) ;
#3107 = CARTESIAN_POINT ( 'NONE',  ( -9.487300573477321919, 167.2604047079580027, -152.6322971820790428 ) ) ;
#3108 = CARTESIAN_POINT ( 'NONE',  ( -11.90949676100577825, 166.1317612756041058, -190.1482927122735589 ) ) ;
#3109 = CARTESIAN_POINT ( 'NONE',  ( -18.91377920830912274, 162.0417057153023279, -152.2846819600739821 ) ) ;
#3110 = CARTESIAN_POINT ( 'NONE',  ( 26.48247089009937838, 145.3684028884993893, -189.2727637772505886 ) ) ;
#3111 = EDGE_CURVE ( 'NONE', #2851, #3041, #1052, .T. ) ;
#3112 = ORIENTED_EDGE ( 'NONE', *, *, #1469, .T. ) ;
#3113 = DIRECTION ( 'NONE',  ( 8.876905287225070512E-16, 0.9999407575168364204, -0.01088491877119461201 ) ) ;
#3114 = EDGE_CURVE ( 'NONE', #2776, #54, #1964, .T. ) ;
#3115 = ADVANCED_FACE ( 'NONE', ( #1877 ), #2622, .T. ) ;
#3116 = VERTEX_POINT ( 'NONE', #2319 ) ;
#3117 = DIRECTION ( 'NONE',  ( 0.004944046975061859930, -0.01088478573707893707, -0.9999285363659576875 ) ) ;
#3118 = EDGE_LOOP ( 'NONE', ( #2094, #3112, #2228, #2548 ) ) ;
#3119 = PLANE ( 'NONE',  #36 ) ;
#3120 = DIRECTION ( 'NONE',  ( -0.004944046975061859930, 0.01088478573707893707, 0.9999285363659576875 ) ) ;
#3121 = CARTESIAN_POINT ( 'NONE',  ( 25.62207119095975472, 146.0788857584748257, -142.6705164441909233 ) ) ;
#3122 = VECTOR ( 'NONE', #2574, 1000.000000000000114 ) ;
#3123 = ORIENTED_EDGE ( 'NONE', *, *, #2551, .T. ) ;
#3124 = CARTESIAN_POINT ( 'NONE',  ( -10.77073615807022833, 162.5737615871553885, -184.6469529812685835 ) ) ;
#3125 = CARTESIAN_POINT ( 'NONE',  ( -27.96325653320323568, 151.7410908705682857, -155.0685169625083120 ) ) ;
#3126 = AXIS2_PLACEMENT_3D ( 'NONE', #1390, #169, #201 ) ;
#3127 = CIRCLE ( 'NONE', #1740, 35.94690529099829490 ) ;
#3128 = ORIENTED_EDGE ( 'NONE', *, *, #457, .T. ) ;
#3129 = DIRECTION ( 'NONE',  ( -0.004944046975061859930, 0.01088478573707842186, 0.9999285363659576875 ) ) ;
#3130 = ORIENTED_EDGE ( 'NONE', *, *, #421, .F. ) ;
#3131 = CARTESIAN_POINT ( 'NONE',  ( 27.41098433795271916, 150.7282422311426728, -156.2434118814327917 ) ) ;
#3132 = AXIS2_PLACEMENT_3D ( 'NONE', #42, #1282, #57 ) ;
#3133 = ADVANCED_FACE ( 'NONE', ( #2561 ), #1102, .F. ) ;
#3134 = EDGE_CURVE ( 'NONE', #858, #480, #2128, .T. ) ;
#3135 = CIRCLE ( 'NONE', #38, 1.999999999999990896 ) ;
#3136 = ORIENTED_EDGE ( 'NONE', *, *, #568, .F. ) ;
#3137 = CARTESIAN_POINT ( 'NONE',  ( 11.37793500713901196, 162.6126173045913390, -184.5099924823624633 ) ) ;
#3138 = CARTESIAN_POINT ( 'NONE',  ( 26.76002574110636090, 145.8858969984691214, -141.7332769688570693 ) ) ;
#3139 = DIRECTION ( 'NONE',  ( 5.377642775528105937E-15, 0.9359127059959955197, -0.3522320353903848900 ) ) ;
#3140 = VECTOR ( 'NONE', #2076, 1000.000000000000000 ) ;
#3141 = CARTESIAN_POINT ( 'NONE',  ( 12.70269132574571280, 203.1602916490689097, -153.2425272960791176 ) ) ;
#3142 = VECTOR ( 'NONE', #399, 1000.000000000000114 ) ;
#3143 = ORIENTED_EDGE ( 'NONE', *, *, #2084, .T. ) ;
#3144 = CARTESIAN_POINT ( 'NONE',  ( -18.06395857923159909, 163.5661066470041760, -152.6281753416554352 ) ) ;
#3145 = VECTOR ( 'NONE', #1325, 999.9999999999998863 ) ;
#3146 = FACE_OUTER_BOUND ( 'NONE', #324, .T. ) ;
#3147 = VECTOR ( 'NONE', #1751, 1000.000000000000114 ) ;
#3148 = ORIENTED_EDGE ( 'NONE', *, *, #2609, .F. ) ;
#3149 = DIRECTION ( 'NONE',  ( -0.004645884459284533446, 0.3522282340390547883, 0.9359026054581319753 ) ) ;
ENDSEC;
END-ISO-10303-21;
